Населено място;Търговски обект;Наименование на продукта;Код на продукта;Категория;Цена на дребно;Цена в промоция
55871;ГРИЗЛИ 8 ТЕВА;Банани;001314;52;1.95;
55871;ГРИЗЛИ 8 ТЕВА;Банани;001314;52;1.99;
55871;ГРИЗЛИ 8 ТЕВА;Бира Ариана Светло 2.3л.;003366;74;1.59;1.28
55871;ГРИЗЛИ 8 ТЕВА;Бира Бургаско Светло 2.3л.;003588;74;1.63;1.25
55871;ГРИЗЛИ 8 ТЕВА;Бира Пиринско светло 2.3л.;006073;74;1.61;
55871;ГРИЗЛИ 8 ТЕВА;Бира Шуменско светло 2.2л.;003587;74;1.66;1.37
55871;ГРИЗЛИ 8 ТЕВА;Бисквити Роден край обикновени 190гр.;013428;66;1.07;0.9
55871;ГРИЗЛИ 8 ТЕВА;Брашно София Мел Тип 500 1кг.;000972;40;1.05;
55871;ГРИЗЛИ 8 ТЕВА;Бяло Вино Ethno 750мл.;005815;75;4.95;
55871;ГРИЗЛИ 8 ТЕВА;Бяло Саламурено Краве Сирене Топила;004610;8;7.61;
55871;ГРИЗЛИ 8 ТЕВА;Бяло Саламурено Сирене от Краве Мляко Лудогорско;007315;8;6.21;
55871;ГРИЗЛИ 8 ТЕВА;Бяло саламурено сирене от краве мляко Булгарче;001526;8;7.11;
55871;ГРИЗЛИ 8 ТЕВА;Веро Ехо 400мл.;000656;79;1.22;
55871;ГРИЗЛИ 8 ТЕВА;Детска лютеница Олинезко 520гр.;002913;49;3.01;
55871;ГРИЗЛИ 8 ТЕВА;Домати;001310;54;2.79;
55871;ГРИЗЛИ 8 ТЕВА;Домашна Едросмляна Лютеница Deroni 520гр.;632234;49;4.22;3.39
55871;ГРИЗЛИ 8 ТЕВА;Домашна Лютеница Олинеза 515гр.;630525;49;3.73;
55871;ГРИЗЛИ 8 ТЕВА;Жълта ябълка;010837;53;2.05;
55871;ГРИЗЛИ 8 ТЕВА;Захар Вучко 1кг.;009431;38;0.83;
55871;ГРИЗЛИ 8 ТЕВА;Зелена Ябълка;002543;53;2.29;
55871;ГРИЗЛИ 8 ТЕВА;Кайма Стандарт Сами - М;006600;25;6.28;
55871;ГРИЗЛИ 8 ТЕВА;Картоф;001313;61;0.65;
55871;ГРИЗЛИ 8 ТЕВА;Кафе Nova Brasilia Класик Мляно 200гр.;009970;70;3.93;
55871;ГРИЗЛИ 8 ТЕВА;Кафе Santos Nova мляно 200гр.;003167;70;3.32;
55871;ГРИЗЛИ 8 ТЕВА;Кашкавал Лудогорие пита;000592;10;9.59;
55871;ГРИЗЛИ 8 ТЕВА;Кашкавал Матанд Тапа;009377;10;12.78;
55871;ГРИЗЛИ 8 ТЕВА;Кашкавал Мургаш пита;004982;10;10.73;
55871;ГРИЗЛИ 8 ТЕВА;Кашкавалена извара;005724;13;2.39;
55871;ГРИЗЛИ 8 ТЕВА;Кисело Мляко Meggle 3.6% 400гр.;005654;7;0.85;0.75
55871;ГРИЗЛИ 8 ТЕВА;Кисело Мляко Верея 2.9% 400гр.;004733;7;0.81;
55871;ГРИЗЛИ 8 ТЕВА;Кисело Мляко Верея Чудно 2.5% 400гр.;000121;7;0.86;
55871;ГРИЗЛИ 8 ТЕВА;Кисело Мляко Домлян 3.6% 500гр.;000496;7;0.92;
55871;ГРИЗЛИ 8 ТЕВА;"Кисело мляко ""Боженци"" 2.2%  400гр.";005139;7;0.84;0.65
55871;ГРИЗЛИ 8 ТЕВА;"Кисело мляко ""Боженци"" 3.6% ЗНП 400гр.";001009;7;0.89;
55871;ГРИЗЛИ 8 ТЕВА;Кисело мляко Булгарче гигант 2% 400гр.;001108;7;0.8;
55871;ГРИЗЛИ 8 ТЕВА;Кисело мляко Здравец 2% 500гр.;000426;7;0.85;
55871;ГРИЗЛИ 8 ТЕВА;Кисело мляко Здравец 3.6% 500гр.;000393;7;0.92;0.83
55871;ГРИЗЛИ 8 ТЕВА;Краставици;003515;58;3;
55871;ГРИЗЛИ 8 ТЕВА;Кренвирш Деликатес Житница;003219;26;6.13;5.59
55871;ГРИЗЛИ 8 ТЕВА;Кренвирш Кен;002565;26;6.26;4.89
55871;ГРИЗЛИ 8 ТЕВА;Кренвирш Месокомбинат Брезник;000039;26;2.53;
55871;ГРИЗЛИ 8 ТЕВА;Кроасан Milka 50гр.;001384;67;0.99;
55871;ГРИЗЛИ 8 ТЕВА;Кроасан Макс 7 Days 70/80/92гр.;000908;67;0.84;
55871;ГРИЗЛИ 8 ТЕВА;Кромид лук;001311;55;0.85;
55871;ГРИЗЛИ 8 ТЕВА;Лимон;001798;50;3.09;
55871;ГРИЗЛИ 8 ТЕВА;Лютеница Петел Deroni 575гр.;000610;49;1.94;
55871;ГРИЗЛИ 8 ТЕВА;Маслини черни без костилка Алтънбар;001404;62;4.95;
55871;ГРИЗЛИ 8 ТЕВА;Месно Пюре Ganchev 190гр.;630216;64;1.22;
55871;ГРИЗЛИ 8 ТЕВА;Минерална Вода Devin 1.5л.;003761;73;0.52;
55871;ГРИЗЛИ 8 ТЕВА;Минерална Вода Банкя 1.5л.;001471;73;0.59;0.51
55871;ГРИЗЛИ 8 ТЕВА;Минерална Вода Горна Баня 1.5л.;006098;73;0.63;
55871;ГРИЗЛИ 8 ТЕВА;Моркови;001848;56;1.15;
55871;ГРИЗЛИ 8 ТЕВА;Натурална Минерална Вода Велинград 1.5л.;000596;73;0.43;
55871;ГРИЗЛИ 8 ТЕВА;Немско Масло Markenbutter 250гр.;001769;12;3.09;
55871;ГРИЗЛИ 8 ТЕВА;Олио Калиакра 1л.;001864;42;2.04;
55871;ГРИЗЛИ 8 ТЕВА;Олио Карина 1л.;011528;42;1.99;
55871;ГРИЗЛИ 8 ТЕВА;Пилешки Цял Бут Вланел;003125;17;3.29;
55871;ГРИЗЛИ 8 ТЕВА;Пилешко Филе Вланел;001451;16;7.99;
55871;ГРИЗЛИ 8 ТЕВА;Плодово Пюре Ganchev 190гр.;630214;64;1.02;
55871;ГРИЗЛИ 8 ТЕВА;Портокали;002960;51;2.35;
55871;ГРИЗЛИ 8 ТЕВА;Прясно Мляко Mlekovita 3.2% 1л.;007647;6;1.29;
55871;ГРИЗЛИ 8 ТЕВА;Ракия Пещерска Обикновена 700мл.;000881;77;7.79;
55871;ГРИЗЛИ 8 ТЕВА;Риба Скумрия Цяла;003120;29;5.45;
55871;ГРИЗЛИ 8 ТЕВА;Розов домат;005885;54;4.2;
55871;ГРИЗЛИ 8 ТЕВА;Сапун Dove 90гр.;633016;83;1.07;
55871;ГРИЗЛИ 8 ТЕВА;Сапун Palmolive 90гр.;009035;83;0.76;
55871;ГРИЗЛИ 8 ТЕВА;Сапун Teo 70гр.;630770;83;0.43;
55871;ГРИЗЛИ 8 ТЕВА;Свински бут без кост Колбасо;008455;19;6.74;
55871;ГРИЗЛИ 8 ТЕВА;Свински врат без кост Колбасо;002535;21;7.92;6.99
55871;ГРИЗЛИ 8 ТЕВА;Свински врат с кост Колбасо;008454;21;6.8;
55871;ГРИЗЛИ 8 ТЕВА;Сол ББТ 1 кг.;009383;39;0.61;
55871;ГРИЗЛИ 8 ТЕВА;Сол Фамилекс 1кг.;006620;39;0.54;
55871;ГРИЗЛИ 8 ТЕВА;Типов Многозърнест Хляб Милена 500гр.;004366;4;1.59;
55871;ГРИЗЛИ 8 ТЕВА;Тоалетна Хартия Емека 8бр.;005013;85;2.76;
55871;ГРИЗЛИ 8 ТЕВА;Точени Кори Фамилия 500гр.;631020;5;2.09;
55871;ГРИЗЛИ 8 ТЕВА;Хляб Бял Лозана Нарязан 830гр.;007284;1;1;
55871;ГРИЗЛИ 8 ТЕВА;Хляб Добруджа Лозана 500гр.;001483;2;0.79;
55871;ГРИЗЛИ 8 ТЕВА;Хляб Добруджа Мио 650гр.;008868;2;0.86;
55871;ГРИЗЛИ 8 ТЕВА;Хляб Добруджа Симид Нарязан 500гр.;002054;2;0.82;
55871;ГРИЗЛИ 8 ТЕВА;Хляб Добруджа Симид Нарязан 830гр.;000184;2;1.18;
55871;ГРИЗЛИ 8 ТЕВА;Хляб Добруджа Церера 800гр.;010273;2;1.2;
55871;ГРИЗЛИ 8 ТЕВА;Хляб Типов Мио Здраве 600гр.;001049;4;0.86;
55871;ГРИЗЛИ 8 ТЕВА;Хляб Типов Церера 700гр.;010598;4;1.17;
55871;ГРИЗЛИ 8 ТЕВА;Цигари Dunhill Blue;003417;78;4.2;
55871;ГРИЗЛИ 8 ТЕВА;Цигари Dunhill Switch Slim rose;006176;78;4.3;
55871;ГРИЗЛИ 8 ТЕВА;Цигари L&M 100 blue;002307;78;3.5;
55871;ГРИЗЛИ 8 ТЕВА;Цигари Marlboro 100 Red;004058;78;3.73;
55871;ГРИЗЛИ 8 ТЕВА;Цигари Marlboro Gold Touch;007328;78;3.6;
55871;ГРИЗЛИ 8 ТЕВА;Цигари Marlboro Red;000613;78;3.9;
55871;ГРИЗЛИ 8 ТЕВА;Цигари Rothmans Blue 6.40лв.;001189;78;3.27;
55871;ГРИЗЛИ 8 ТЕВА;Цигари Rothmans KS Silver;001709;78;3.8;
55871;ГРИЗЛИ 8 ТЕВА;Цигари Rothmans Slims Blue Black;000308;78;3.8;
55871;ГРИЗЛИ 8 ТЕВА;Цигари Sobranie Refine Red 7.60лв.;002012;78;4.1;
55871;ГРИЗЛИ 8 ТЕВА;Цигари Sobranie Slim Black;004392;78;3.9;
55871;ГРИЗЛИ 8 ТЕВА;Цигари Sobranie Slim Gold;004372;78;3.73;
55871;ГРИЗЛИ 8 ТЕВА;Цигари Terea Russet;002883;78;3.5;
55871;ГРИЗЛИ 8 ТЕВА;Цигари Terea Silver;004665;78;3.5;
55871;ГРИЗЛИ 8 ТЕВА;Червена ябълка;010836;53;1.89;
55871;ГРИЗЛИ 8 ТЕВА;Черни Маслини Услу;001591;62;4.09;
55871;ГРИЗЛИ 8 ТЕВА;Чесън;001797;59;4.45;
55871;ГРИЗЛИ 8 ТЕВА;Шоколад Млечен 80гр.;005224;69;1.43;1.09
55871;ГРИЗЛИ 8 ТЕВА;Шоколад Млечен с Ядки и Стафиди 80гр.;630279;69;1.43;1.09
55871;ГРИЗЛИ 8 ТЕВА;Яйца М 5бр.;001949;31;1.05;
55871;ГРИЗЛИ 10 РОЗОВА ДОЛИНА;Билков Чай Bioset 20бр. 30гр.;003902;72;1.12;
55871;ГРИЗЛИ 10 РОЗОВА ДОЛИНА;Бира Ариана Светло 2.3л.;003366;74;1.59;1.28
55871;ГРИЗЛИ 10 РОЗОВА ДОЛИНА;Бира Бургаско Светло 2.3л.;003588;74;1.63;1.25
55871;ГРИЗЛИ 10 РОЗОВА ДОЛИНА;Бира Пиринско светло 2.3л.;006073;74;1.61;
55871;ГРИЗЛИ 10 РОЗОВА ДОЛИНА;Бира Шуменско светло 2.2л.;003587;74;1.66;1.37
55871;ГРИЗЛИ 10 РОЗОВА ДОЛИНА;Бисквити Житен Дар Обикновени 120гр.;630683;66;0.76;
55871;ГРИЗЛИ 10 РОЗОВА ДОЛИНА;Бисквити Житен Дар Обикновени 220гр.;001773;66;1.25;
55871;ГРИЗЛИ 10 РОЗОВА ДОЛИНА;Бисквити Роден край обикновени 190гр.;013428;66;1.07;0.9
55871;ГРИЗЛИ 10 РОЗОВА ДОЛИНА;Брашно София Мел Тип 500 1кг.;000972;40;1.05;
55871;ГРИЗЛИ 10 РОЗОВА ДОЛИНА;Бяло Вино Sauvignon Blanc Cycle 750мл.;001542;75;6.23;5.09
55871;ГРИЗЛИ 10 РОЗОВА ДОЛИНА;Бяло Саламурено Краве Сирене Топила;004610;8;7.61;
55871;ГРИЗЛИ 10 РОЗОВА ДОЛИНА;Бяло Саламурено Сирене от Краве Мляко Лудогорско;007315;8;6.21;
55871;ГРИЗЛИ 10 РОЗОВА ДОЛИНА;Бяло саламурено сирене от краве мляко Морава;005357;8;5.77;
55871;ГРИЗЛИ 10 РОЗОВА ДОЛИНА;Веро Feya 400мл.;000056;79;0.92;
55871;ГРИЗЛИ 10 РОЗОВА ДОЛИНА;Веро Ехо 400мл.;000656;79;1.22;
55871;ГРИЗЛИ 10 РОЗОВА ДОЛИНА;Винен Оцет Дупница 100% Натурален 700мл.;008460;44;1.27;
55871;ГРИЗЛИ 10 РОЗОВА ДОЛИНА;Детска лютеница Олинезко 520гр.;002913;49;3.01;
55871;ГРИЗЛИ 10 РОЗОВА ДОЛИНА;Захар Вучко 1кг.;009431;38;0.83;
55871;ГРИЗЛИ 10 РОЗОВА ДОЛИНА;Зряло Сирене Верея 200гр.;004957;9;3.16;
55871;ГРИЗЛИ 10 РОЗОВА ДОЛИНА;Зряло Сирене Верея 700гр.;001228;9;8.56;
55871;ГРИЗЛИ 10 РОЗОВА ДОЛИНА;Кайма Стандарт Сами - М;006600;25;6.28;
55871;ГРИЗЛИ 10 РОЗОВА ДОЛИНА;Кафе Nova Brasilia Класик Мляно 200гр.;009970;70;3.93;
55871;ГРИЗЛИ 10 РОЗОВА ДОЛИНА;Кашкавал Булгарче 400гр.;006504;11;5.11;
55871;ГРИЗЛИ 10 РОЗОВА ДОЛИНА;Кашкавал Кортен тостер;005002;10;10.89;
55871;ГРИЗЛИ 10 РОЗОВА ДОЛИНА;Кашкавал Лудогорие пита;000592;10;9.59;
55871;ГРИЗЛИ 10 РОЗОВА ДОЛИНА;Кашкавал Матанд Тапа;009377;10;12.78;
55871;ГРИЗЛИ 10 РОЗОВА ДОЛИНА;Кашкавалена извара;005724;13;2.39;
55871;ГРИЗЛИ 10 РОЗОВА ДОЛИНА;Кисело Мляко Верея 3.6% 400гр.;013747;7;0.83;
55871;ГРИЗЛИ 10 РОЗОВА ДОЛИНА;Кисело Мляко Верея Чудно 2.5% 400гр.;000121;7;0.86;
55871;ГРИЗЛИ 10 РОЗОВА ДОЛИНА;Кисело Мляко Домлян 3.6% 500гр.;000496;7;0.92;
55871;ГРИЗЛИ 10 РОЗОВА ДОЛИНА;Кисело Мляко Земенея 2% 400гр.;009589;7;0.81;
55871;ГРИЗЛИ 10 РОЗОВА ДОЛИНА;"Кисело мляко ""Боженци"" 2.2%  400гр.";005139;7;0.84;0.65
55871;ГРИЗЛИ 10 РОЗОВА ДОЛИНА;Кисело мляко Верея 2% 400гр.;000265;7;0.77;
55871;ГРИЗЛИ 10 РОЗОВА ДОЛИНА;Кисело мляко Здравец 2% 500гр.;000426;7;0.85;
55871;ГРИЗЛИ 10 РОЗОВА ДОЛИНА;Кисело мляко Народен дар 2% 400гр.;009561;7;0.66;
55871;ГРИЗЛИ 10 РОЗОВА ДОЛИНА;Краве Сирене Земенея;005546;8;9.2;
55871;ГРИЗЛИ 10 РОЗОВА ДОЛИНА;Краве Сирене Маджаров 500гр.;001598;9;8.25;
55871;ГРИЗЛИ 10 РОЗОВА ДОЛИНА;Кренвирш Деликатес Житница;003219;26;6.13;5.59
55871;ГРИЗЛИ 10 РОЗОВА ДОЛИНА;Кренвирш Кен;002565;26;6.26;4.89
55871;ГРИЗЛИ 10 РОЗОВА ДОЛИНА;Кренвирш Месокомбинат Брезник;000039;26;2.53;
55871;ГРИЗЛИ 10 РОЗОВА ДОЛИНА;Кроасан 7 Days Super Max 110гр.;001839;67;1.07;
55871;ГРИЗЛИ 10 РОЗОВА ДОЛИНА;Кроасан Milka 50гр.;001384;67;0.99;
55871;ГРИЗЛИ 10 РОЗОВА ДОЛИНА;Кроасан Макс 7 Days 70/80/92гр.;000908;67;0.84;
55871;ГРИЗЛИ 10 РОЗОВА ДОЛИНА;Макаронени Изделия Спектър 500гр.;000699;36;1.38;
55871;ГРИЗЛИ 10 РОЗОВА ДОЛИНА;Макарони Дребни Кръстев 400гр.;005422;36;0.64;
55871;ГРИЗЛИ 10 РОЗОВА ДОЛИНА;Маслини черни без костилка Алтънбар;001404;62;4.95;
55871;ГРИЗЛИ 10 РОЗОВА ДОЛИНА;Масло Верея 125гр.;013308;12;2.5;
55871;ГРИЗЛИ 10 РОЗОВА ДОЛИНА;Минерална Вода Devin 1.5л.;003761;73;0.52;
55871;ГРИЗЛИ 10 РОЗОВА ДОЛИНА;Минерална Вода Банкя 1.5л.;001471;73;0.59;0.51
55871;ГРИЗЛИ 10 РОЗОВА ДОЛИНА;Минерална Вода Горна Баня 1.5л.;006098;73;0.63;
55871;ГРИЗЛИ 10 РОЗОВА ДОЛИНА;Натурална Минерална Вода Велинград 1.5л.;000596;73;0.43;
55871;ГРИЗЛИ 10 РОЗОВА ДОЛИНА;Немско Масло Markenbutter 250гр.;001769;12;3.09;
55871;ГРИЗЛИ 10 РОЗОВА ДОЛИНА;Олио Delicia 1л.;005233;42;1.99;
55871;ГРИЗЛИ 10 РОЗОВА ДОЛИНА;Олио Калиакра 1л.;001864;42;2.04;
55871;ГРИЗЛИ 10 РОЗОВА ДОЛИНА;Олио Карина 1л.;011528;42;1.99;
55871;ГРИЗЛИ 10 РОЗОВА ДОЛИНА;Оцет Кулинар Ябълков 700мл.;631874;45;1.55;
55871;ГРИЗЛИ 10 РОЗОВА ДОЛИНА;Пилешки Цял Бут Вланел;003125;17;3.29;
55871;ГРИЗЛИ 10 РОЗОВА ДОЛИНА;Пилешко Филе Вланел;001451;16;7.99;
55871;ГРИЗЛИ 10 РОЗОВА ДОЛИНА;Прясно мляко Meggle UHT 3.2% 1л.;005883;6;1.84;
55871;ГРИЗЛИ 10 РОЗОВА ДОЛИНА;Прясно мляко Белииса 3.2% 1л.;000398;6;1.66;1.45
55871;ГРИЗЛИ 10 РОЗОВА ДОЛИНА;Ракия Карнобатска Гроздова 700мл.;630393;77;7.55;
55871;ГРИЗЛИ 10 РОЗОВА ДОЛИНА;Сапун Dove 90гр.;633016;83;1.07;
55871;ГРИЗЛИ 10 РОЗОВА ДОЛИНА;Сапун Super Max Teo 140гр.;011776;83;0.81;
55871;ГРИЗЛИ 10 РОЗОВА ДОЛИНА;Свински врат без кост Колбасо;002535;21;7.92;6.99
55871;ГРИЗЛИ 10 РОЗОВА ДОЛИНА;Сирене Мургаш 400гр.;003083;9;4.85;
55871;ГРИЗЛИ 10 РОЗОВА ДОЛИНА;Сол ББТ 1 кг.;009383;39;0.61;
55871;ГРИЗЛИ 10 РОЗОВА ДОЛИНА;Спагети Stella №6 500гр.;002544;37;1.48;
55871;ГРИЗЛИ 10 РОЗОВА ДОЛИНА;Сух Шпек Бургас Колбасо 330гр.;007570;28;2.3;
55871;ГРИЗЛИ 10 РОЗОВА ДОЛИНА;Типов Многозърнест Хляб Милена 500гр.;004366;4;1.59;
55871;ГРИЗЛИ 10 РОЗОВА ДОЛИНА;Хляб Бял Симид Нарязан 500гр.;002129;1;0.82;
55871;ГРИЗЛИ 10 РОЗОВА ДОЛИНА;Хляб Бял Церера 800гр.;010269;1;1.2;
55871;ГРИЗЛИ 10 РОЗОВА ДОЛИНА;Хляб Добруджа Мио 650гр.;008868;2;0.86;
55871;ГРИЗЛИ 10 РОЗОВА ДОЛИНА;Хляб Добруджа Симид Нарязан 500гр.;002054;2;0.82;
55871;ГРИЗЛИ 10 РОЗОВА ДОЛИНА;Хляб Добруджа Симид Нарязан 830гр.;000184;2;1.18;
55871;ГРИЗЛИ 10 РОЗОВА ДОЛИНА;Хляб Добруджа Церера 800гр.;010273;2;1.2;
55871;ГРИЗЛИ 10 РОЗОВА ДОЛИНА;Хляб Типов Мио Здраве 600гр.;001049;4;0.86;
55871;ГРИЗЛИ 10 РОЗОВА ДОЛИНА;Хляб Типов Симид Нарязан 830гр.;008083;4;1.18;
55871;ГРИЗЛИ 10 РОЗОВА ДОЛИНА;Цигари Dunhill Blue;003417;78;4.2;
55871;ГРИЗЛИ 10 РОЗОВА ДОЛИНА;Цигари L&M 100 Red;002331;78;3.5;
55871;ГРИЗЛИ 10 РОЗОВА ДОЛИНА;Цигари L&M 100 blue;002307;78;3.5;
55871;ГРИЗЛИ 10 РОЗОВА ДОЛИНА;Цигари Marlboro 100 Red;004058;78;3.9;
55871;ГРИЗЛИ 10 РОЗОВА ДОЛИНА;Цигари Marlboro Fine Touch;002822;78;3.6;
55871;ГРИЗЛИ 10 РОЗОВА ДОЛИНА;Цигари Marlboro Fine Touch XL;001599;78;3.6;
55871;ГРИЗЛИ 10 РОЗОВА ДОЛИНА;Цигари Marlboro Gold 100;001851;78;3.73;
55871;ГРИЗЛИ 10 РОЗОВА ДОЛИНА;Цигари Marlboro Gold Touch;007328;78;3.6;
55871;ГРИЗЛИ 10 РОЗОВА ДОЛИНА;Цигари Merilyn Super Slim Pink;004820;78;3.4;
55871;ГРИЗЛИ 10 РОЗОВА ДОЛИНА;Цигари Rothmans Classic Blue 100s`;001196;78;3.3;
55871;ГРИЗЛИ 10 РОЗОВА ДОЛИНА;Цигари Rothmans KS Silver;001709;78;3.63;
55871;ГРИЗЛИ 10 РОЗОВА ДОЛИНА;Цигари Rothmans Светло син 100s`;007730;78;3.27;
55871;ГРИЗЛИ 10 РОЗОВА ДОЛИНА;Цигари Rothmans Тъмно Син 100s';000626;78;3.27;
55871;ГРИЗЛИ 10 РОЗОВА ДОЛИНА;Цигари Sobranie Slim Gold;004372;78;3.73;
55871;ГРИЗЛИ 10 РОЗОВА ДОЛИНА;Цигари Terea Bronze;002887;78;3.5;
55871;ГРИЗЛИ 10 РОЗОВА ДОЛИНА;Цигари Terea Russet;002883;78;3.5;
55871;ГРИЗЛИ 10 РОЗОВА ДОЛИНА;Цигари Terea Sienna;002882;78;3.5;
55871;ГРИЗЛИ 10 РОЗОВА ДОЛИНА;Цигари Terea Turquoise;002873;78;3.5;
55871;ГРИЗЛИ 10 РОЗОВА ДОЛИНА;Червено Вино Cycle Syrah,Rose,Cabernet 750мл.;005786;76;6.23;5.09
55871;ГРИЗЛИ 10 РОЗОВА ДОЛИНА;Черни Маслини Услу;001591;62;4.09;
55871;ГРИЗЛИ 10 РОЗОВА ДОЛИНА;Шампоан Teo 350мл.;004915;82;1.68;
55871;ГРИЗЛИ 10 РОЗОВА ДОЛИНА;Шампоан Бочко 400мл.;005823;82;3.22;
55871;ГРИЗЛИ 10 РОЗОВА ДОЛИНА;Шоколад Млечен 80гр.;005224;69;1.43;1.09
55871;ГРИЗЛИ 10 РОЗОВА ДОЛИНА;Шоколад Млечен с Ядки и Стафиди 80гр.;630279;69;1.43;1.09
55871;ГРИЗЛИ 10 РОЗОВА ДОЛИНА;Яйца М 5бр.;001949;31;1.05;
55871;ГРИЗЛИ 6 ИСКЪР;Бира Kamenitza Светло 2л.;006423;74;1.68;
55871;ГРИЗЛИ 6 ИСКЪР;Бира Zagorka 2л.;005611;74;1.58;1.29
55871;ГРИЗЛИ 6 ИСКЪР;Бира Ариана Светло 2.3л.;003366;74;1.59;1.28
55871;ГРИЗЛИ 6 ИСКЪР;Бира Бургаско Светло 2.3л.;003588;74;1.63;1.25
55871;ГРИЗЛИ 6 ИСКЪР;Бира Пиринско светло 2.3л.;006073;74;1.61;
55871;ГРИЗЛИ 6 ИСКЪР;Бира Шуменско светло 2.2л.;003587;74;1.66;1.37
55871;ГРИЗЛИ 6 ИСКЪР;Боб Народен Кръстев 1кг.;002678;33;3.22;
55871;ГРИЗЛИ 6 ИСКЪР;Брашно София Мел Тип 500 1кг.;000972;40;1.05;
55871;ГРИЗЛИ 6 ИСКЪР;Бяло Саламурено Краве Сирене Топила;004610;8;7.61;
55871;ГРИЗЛИ 6 ИСКЪР;Бяло Саламурено Сирене от Краве Мляко Лудогорско;007315;8;6.21;
55871;ГРИЗЛИ 6 ИСКЪР;Бяло саламурено сирене Здравец от краве мляко;002552;8;8.94;7.59
55871;ГРИЗЛИ 6 ИСКЪР;Бяло саламурено сирене от краве мляко Булгарче;001526;8;7.11;
55871;ГРИЗЛИ 6 ИСКЪР;Винен Оцет Дупница 100% Натурален 700мл.;008460;44;1.27;
55871;ГРИЗЛИ 6 ИСКЪР;Зряло Сирене Верея 400гр.;002148;9;5.06;
55871;ГРИЗЛИ 6 ИСКЪР;Извара Olympus 400гр.;005897;14;2.17;
55871;ГРИЗЛИ 6 ИСКЪР;Кафе Nova Brasilia Класик Мляно 200гр.;009970;70;3.93;
55871;ГРИЗЛИ 6 ИСКЪР;Кашкавал Здравец 220гр.;000420;11;3.2;
55871;ГРИЗЛИ 6 ИСКЪР;Кашкавал Лудогорие пита;000592;10;9.59;
55871;ГРИЗЛИ 6 ИСКЪР;Кашкавал Матанд Сектор;009378;10;12.67;
55871;ГРИЗЛИ 6 ИСКЪР;Кашкавал Мургаш пита;004982;10;10.73;
55871;ГРИЗЛИ 6 ИСКЪР;Кашкавалена извара;005724;13;2.39;
55871;ГРИЗЛИ 6 ИСКЪР;Кисело Мляко Meggle 3.6% 400гр.;005654;7;0.85;0.75
55871;ГРИЗЛИ 6 ИСКЪР;Кисело Мляко Верея Чудно 2.5% 400гр.;000121;7;0.86;
55871;ГРИЗЛИ 6 ИСКЪР;Кисело Мляко Домлян 3.6% 500гр.;000496;7;0.92;
55871;ГРИЗЛИ 6 ИСКЪР;Кисело Мляко Земенея 2% 400гр.;009589;7;0.81;
55871;ГРИЗЛИ 6 ИСКЪР;Кисело Мляко Натурално Olympus 3.6%  400гр.;000747;7;0.86;0.79
55871;ГРИЗЛИ 6 ИСКЪР;"Кисело мляко ""Боженци"" 2.2%  400гр.";005139;7;0.84;0.65
55871;ГРИЗЛИ 6 ИСКЪР;"Кисело мляко ""Боженци"" 3.6% ЗНП 400гр.";001009;7;0.89;
55871;ГРИЗЛИ 6 ИСКЪР;Кисело мляко Верея 2% 400гр.;000265;7;0.77;
55871;ГРИЗЛИ 6 ИСКЪР;Кисело мляко Здравец 2% 500гр.;000426;7;0.85;
55871;ГРИЗЛИ 6 ИСКЪР;Кисело мляко Народен дар 2% 400гр.;009561;7;0.66;
55871;ГРИЗЛИ 6 ИСКЪР;Краве Сирене Земенея;005546;8;9.2;
55871;ГРИЗЛИ 6 ИСКЪР;Кренвирш Деликатес Житница;003219;26;6.13;5.59
55871;ГРИЗЛИ 6 ИСКЪР;Кренвирш Кен;002565;26;6.26;4.89
55871;ГРИЗЛИ 6 ИСКЪР;Кренвирш Месокомбинат Брезник;000039;26;2.53;
55871;ГРИЗЛИ 6 ИСКЪР;Кроасан Макс 7 Days 70/80/92гр.;000908;67;0.84;
55871;ГРИЗЛИ 6 ИСКЪР;Лютеница Петел Deroni 575гр.;000610;49;1.94;
55871;ГРИЗЛИ 6 ИСКЪР;Минерална Вода Банкя 1.5л.;001471;73;0.59;0.51
55871;ГРИЗЛИ 6 ИСКЪР;Минерална Вода Горна Баня 1.5л.;006098;73;0.63;
55871;ГРИЗЛИ 6 ИСКЪР;Натурална Минерална Вода Велинград 1.5л.;000596;73;0.43;
55871;ГРИЗЛИ 6 ИСКЪР;Немско Масло Markenbutter 250гр.;001769;12;3.09;
55871;ГРИЗЛИ 6 ИСКЪР;Олио Калиакра 1л.;001864;42;2.04;
55871;ГРИЗЛИ 6 ИСКЪР;Олио Карина 1л.;011528;42;1.99;
55871;ГРИЗЛИ 6 ИСКЪР;Оцет Кулинар Ябълков 700мл.;631874;45;1.55;
55871;ГРИЗЛИ 6 ИСКЪР;Паста за зъби Colgate Triple Action 125мл.;009528;81;1.94;
55871;ГРИЗЛИ 6 ИСКЪР;Пилешки Цял Бут Вланел;003125;17;3.29;
55871;ГРИЗЛИ 6 ИСКЪР;Пилешко Филе Вланел;001451;16;7.99;
55871;ГРИЗЛИ 6 ИСКЪР;Прясно Мляко Mlekovita 3.2% 1л.;007647;6;1.29;
55871;ГРИЗЛИ 6 ИСКЪР;Риба Скумрия Цяла;003120;29;5.45;
55871;ГРИЗЛИ 6 ИСКЪР;Сапун Dove 90гр.;633016;83;1.07;
55871;ГРИЗЛИ 6 ИСКЪР;Сапун Harmony 150гр.;005874;83;0.86;
55871;ГРИЗЛИ 6 ИСКЪР;Сапун Rubis 140гр.;003354;83;0.8;
55871;ГРИЗЛИ 6 ИСКЪР;Сапун Teo Bebe 75гр.;004551;83;0.79;
55871;ГРИЗЛИ 6 ИСКЪР;Свинска Плешка без Кост;004591;18;4.8;
55871;ГРИЗЛИ 6 ИСКЪР;Свински бут без кост Колбасо;008455;19;6.74;
55871;ГРИЗЛИ 6 ИСКЪР;Свински врат без кост Колбасо;002535;21;7.92;6.99
55871;ГРИЗЛИ 6 ИСКЪР;Сол ББТ 1 кг.;009383;39;0.61;
55871;ГРИЗЛИ 6 ИСКЪР;Спагети Stella №6 500гр.;002544;37;1.48;
55871;ГРИЗЛИ 6 ИСКЪР;Типов Многозърнест Хляб Милена 500гр.;004366;4;1.59;
55871;ГРИЗЛИ 6 ИСКЪР;Тоалетна Хартия Milde 8бр.;005012;85;4.32;3.39
55871;ГРИЗЛИ 6 ИСКЪР;Тракийски Точени Кори 400гр.;004239;5;1.51;
55871;ГРИЗЛИ 6 ИСКЪР;Хляб Бял Симид Нарязан 500гр.;002129;1;0.82;
55871;ГРИЗЛИ 6 ИСКЪР;Хляб Бял Церера 800гр.;010269;1;1.2;
55871;ГРИЗЛИ 6 ИСКЪР;Хляб Добруджа Мио 650гр.;008868;2;0.86;
55871;ГРИЗЛИ 6 ИСКЪР;Хляб Добруджа Симид Нарязан 500гр.;002054;2;0.82;
55871;ГРИЗЛИ 6 ИСКЪР;Хляб Добруджа Симид Нарязан 830гр.;000184;2;1.18;
55871;ГРИЗЛИ 6 ИСКЪР;Хляб Добруджа Церера 800гр.;010273;2;1.2;
55871;ГРИЗЛИ 6 ИСКЪР;Хляб Типов Мио Здраве 600гр.;001049;4;0.86;
55871;ГРИЗЛИ 6 ИСКЪР;Хляб Типов Церера 700гр.;010598;4;1.17;
55871;ГРИЗЛИ 6 ИСКЪР;Цигари Delia Green;002922;78;3;
55871;ГРИЗЛИ 6 ИСКЪР;Цигари Delia Red;002941;78;3;
55871;ГРИЗЛИ 6 ИСКЪР;Цигари Dunhill Blue;003417;78;4.2;
55871;ГРИЗЛИ 6 ИСКЪР;Цигари Dunhill Swiss Blend 100s;007178;78;4.2;
55871;ГРИЗЛИ 6 ИСКЪР;Цигари Dunhill Switch Slim rose;006176;78;4.3;
55871;ГРИЗЛИ 6 ИСКЪР;Цигари L&M 100 Red;002331;78;3.5;
55871;ГРИЗЛИ 6 ИСКЪР;Цигари Marlboro 100 Red;004058;78;3.9;
55871;ГРИЗЛИ 6 ИСКЪР;Цигари Marlboro Fine Touch XL;001599;78;3.6;
55871;ГРИЗЛИ 6 ИСКЪР;Цигари Marlboro Gold 100;001851;78;3.73;
55871;ГРИЗЛИ 6 ИСКЪР;Цигари Marlboro Gold Crafted;007329;78;3.3;
55871;ГРИЗЛИ 6 ИСКЪР;Цигари Marlboro Red;000613;78;3.73;
55871;ГРИЗЛИ 6 ИСКЪР;Цигари Marlboro Red;000613;78;3.9;
55871;ГРИЗЛИ 6 ИСКЪР;Цигари Parliament 100 Aqua Blue;006806;78;4.3;
55871;ГРИЗЛИ 6 ИСКЪР;Цигари Rothmans Classic Red 100s`;001193;78;3.07;
55871;ГРИЗЛИ 6 ИСКЪР;Цигари Rothmans KS White 86's;002515;78;3.5;
55871;ГРИЗЛИ 6 ИСКЪР;Цигари Rothmans Silver 100;001822;78;3.8;
55871;ГРИЗЛИ 6 ИСКЪР;Цигари Rothmans Slims Blue Black;000308;78;3.8;
55871;ГРИЗЛИ 6 ИСКЪР;Цигари Sobranie Slim Black;004392;78;3.9;
55871;ГРИЗЛИ 6 ИСКЪР;Цигари Sobranie Slim Gold;004372;78;3.73;
55871;ГРИЗЛИ 6 ИСКЪР;Цигари Terea Bronze;002887;78;3.5;
55871;ГРИЗЛИ 6 ИСКЪР;Цигари Terea Russet;002883;78;3.5;
55871;ГРИЗЛИ 6 ИСКЪР;Цигари Terea Soft Fuse;002875;78;3.5;
55871;ГРИЗЛИ 6 ИСКЪР;Цигари Terea Teak;002850;78;3.5;
55871;ГРИЗЛИ 6 ИСКЪР;Цигари Terea Turquoise;002873;78;3.5;
55871;ГРИЗЛИ 6 ИСКЪР;Черни Маслини Услу;001591;62;4.09;
55871;ГРИЗЛИ 6 ИСКЪР;Четка за Зъби Aquafresh Medium;010394;80;0.84;
55871;ГРИЗЛИ 6 ИСКЪР;Шампоан Teo 350мл.;004915;82;1.68;
55871;ГРИЗЛИ 6 ИСКЪР;Шоколад Млечен 80гр.;005224;69;1.43;1.09
55871;ГРИЗЛИ 6 ИСКЪР;Шоколад Млечен с Ядки и Стафиди 80гр.;630279;69;1.43;1.09
55871;ГРИЗЛИ 6 ИСКЪР;Яйца М 5бр.;001949;31;1.05;
55871;ГРИЗЛИ 3 БАТЕМБЕРГ;Банани;001314;52;1.79;
55871;ГРИЗЛИ 3 БАТЕМБЕРГ;Бира Ариана Светло 2.3л.;003366;74;1.59;1.28
55871;ГРИЗЛИ 3 БАТЕМБЕРГ;Бира Бургаско Светло 2.3л.;003588;74;1.63;1.25
55871;ГРИЗЛИ 3 БАТЕМБЕРГ;Бира Пиринско светло 2.3л.;006073;74;1.61;
55871;ГРИЗЛИ 3 БАТЕМБЕРГ;Бира Шуменско светло 2.2л.;003587;74;1.66;1.37
55871;ГРИЗЛИ 3 БАТЕМБЕРГ;Бисквити Роден край обикновени 120гр.;013365;66;0.74;
55871;ГРИЗЛИ 3 БАТЕМБЕРГ;Брашно София Мел Тип 500 1кг.;000972;40;1.05;
55871;ГРИЗЛИ 3 БАТЕМБЕРГ;Бяло Вино Muscat Sophia 750мл.;003188;75;2.59;
55871;ГРИЗЛИ 3 БАТЕМБЕРГ;Бяло Саламурено Сирене от Краве Мляко Лудогорско;007315;8;6.21;
55871;ГРИЗЛИ 3 БАТЕМБЕРГ;Бяло саламурено сирене Здравец от краве мляко;002552;8;8.94;7.59
55871;ГРИЗЛИ 3 БАТЕМБЕРГ;Винен Оцет Дупница 100% Натурален 700мл.;008460;44;1.27;
55871;ГРИЗЛИ 3 БАТЕМБЕРГ;Домати;001310;54;2.85;
55871;ГРИЗЛИ 3 БАТЕМБЕРГ;Домашна Едросмляна Лютеница Тодорка 570гр.;002478;49;3.06;
55871;ГРИЗЛИ 3 БАТЕМБЕРГ;Домашна Финосмляна Лютеница Deroni 525гр.;004227;49;3.14;
55871;ГРИЗЛИ 3 БАТЕМБЕРГ;Жълта ябълка;010837;53;1.85;
55871;ГРИЗЛИ 3 БАТЕМБЕРГ;Захар Вучко 1кг.;009431;38;0.83;
55871;ГРИЗЛИ 3 БАТЕМБЕРГ;Зеле прясно;002332;57;1.15;
55871;ГРИЗЛИ 3 БАТЕМБЕРГ;Зряло Сирене Верея 200гр.;004957;9;3.16;
55871;ГРИЗЛИ 3 БАТЕМБЕРГ;Кайма Стандарт Сами - М;006600;25;6.28;
55871;ГРИЗЛИ 3 БАТЕМБЕРГ;Картоф;001313;61;0.59;
55871;ГРИЗЛИ 3 БАТЕМБЕРГ;Кафе Nova Brasilia Класик Мляно 200гр.;009970;70;3.93;
55871;ГРИЗЛИ 3 БАТЕМБЕРГ;Кашкавал Верея 400гр.;001227;11;6.64;
55871;ГРИЗЛИ 3 БАТЕМБЕРГ;Кашкавал Здравец 220гр.;000420;11;3.2;
55871;ГРИЗЛИ 3 БАТЕМБЕРГ;Кашкавал Лудогорие пита;000592;10;9.59;
55871;ГРИЗЛИ 3 БАТЕМБЕРГ;Кашкавал Мургаш 200гр.;001621;11;3.16;
55871;ГРИЗЛИ 3 БАТЕМБЕРГ;Кашкавалена извара;005724;13;2.39;
55871;ГРИЗЛИ 3 БАТЕМБЕРГ;Кисело Мляко Верея 3.6% 400гр.;013747;7;0.83;
55871;ГРИЗЛИ 3 БАТЕМБЕРГ;Кисело Мляко Верея Чудно 2.5% 400гр.;000121;7;0.86;
55871;ГРИЗЛИ 3 БАТЕМБЕРГ;Кисело Мляко Земенея 2% 400гр.;009589;7;0.81;
55871;ГРИЗЛИ 3 БАТЕМБЕРГ;Кисело Мляко Натурално Olympus 3.6%  400гр.;000747;7;0.86;0.79
55871;ГРИЗЛИ 3 БАТЕМБЕРГ;"Кисело мляко ""Боженци"" 2.2%  400гр.";005139;7;0.84;0.65
55871;ГРИЗЛИ 3 БАТЕМБЕРГ;Кисело мляко Булгарче 2% 370гр.;001524;7;0.67;
55871;ГРИЗЛИ 3 БАТЕМБЕРГ;Кисело мляко Булгарче гигант 2% 400гр.;001108;7;0.8;
55871;ГРИЗЛИ 3 БАТЕМБЕРГ;Кисело мляко Верея 2% 400гр.;000265;7;0.77;
55871;ГРИЗЛИ 3 БАТЕМБЕРГ;Кисело мляко Здравец 2% 500гр.;000426;7;0.85;
55871;ГРИЗЛИ 3 БАТЕМБЕРГ;Кисело мляко Здравец 3.6% 500гр.;000393;7;0.92;0.83
55871;ГРИЗЛИ 3 БАТЕМБЕРГ;Краве Масло Белииса 83% 200гр.;006898;12;2.68;
55871;ГРИЗЛИ 3 БАТЕМБЕРГ;Краставици;003515;58;2.79;
55871;ГРИЗЛИ 3 БАТЕМБЕРГ;Кренвирш Деликатес Житница;003219;26;6.13;5.59
55871;ГРИЗЛИ 3 БАТЕМБЕРГ;Кренвирш Кен;002565;26;6.26;4.89
55871;ГРИЗЛИ 3 БАТЕМБЕРГ;Кренвирш Леки;001264;26;6.52;
55871;ГРИЗЛИ 3 БАТЕМБЕРГ;Кроасан Макс 7 Days 70/80/92гр.;000908;67;0.84;
55871;ГРИЗЛИ 3 БАТЕМБЕРГ;Кромид лук;001311;55;0.85;
55871;ГРИЗЛИ 3 БАТЕМБЕРГ;Лимон;001798;50;3.15;
55871;ГРИЗЛИ 3 БАТЕМБЕРГ;Минерална Вода Банкя 1.5л.;001471;73;0.59;0.51
55871;ГРИЗЛИ 3 БАТЕМБЕРГ;Моркови;001848;56;1.25;
55871;ГРИЗЛИ 3 БАТЕМБЕРГ;Натурална Минерална Вода Велинград 1.5л.;000596;73;0.43;
55871;ГРИЗЛИ 3 БАТЕМБЕРГ;Немско Масло Markenbutter 250гр.;001769;12;3.09;
55871;ГРИЗЛИ 3 БАТЕМБЕРГ;Олио Калиакра 1л.;001864;42;2.04;
55871;ГРИЗЛИ 3 БАТЕМБЕРГ;Олио Карина 1л.;011528;42;1.99;
55871;ГРИЗЛИ 3 БАТЕМБЕРГ;Паста за Зъби Aquafresh Active Fresh 125мл.;006768;81;2.24;
55871;ГРИЗЛИ 3 БАТЕМБЕРГ;Пилешки Цял Бут Вланел;003125;17;3.29;
55871;ГРИЗЛИ 3 БАТЕМБЕРГ;Пилешко Филе Вланел;001451;16;7.99;
55871;ГРИЗЛИ 3 БАТЕМБЕРГ;Портокали;002960;51;1.95;
55871;ГРИЗЛИ 3 БАТЕМБЕРГ;Прясно Мляко Mlekovita 3.2% 1л.;007647;6;1.29;
55871;ГРИЗЛИ 3 БАТЕМБЕРГ;Прясно мляко Булгарче 3.2% 1л.;000080;6;1.58;
55871;ГРИЗЛИ 3 БАТЕМБЕРГ;Ракия Карнобатска Гроздова 700мл.;630393;77;7.55;
55871;ГРИЗЛИ 3 БАТЕМБЕРГ;Розов домат;005885;54;3.29;
55871;ГРИЗЛИ 3 БАТЕМБЕРГ;Сапун Dove 90гр.;633016;83;1.07;
55871;ГРИЗЛИ 3 БАТЕМБЕРГ;Сапун Бочко 75гр.;000667;83;1.02;
55871;ГРИЗЛИ 3 БАТЕМБЕРГ;Свински бут без кост Колбасо;008455;19;6.74;
55871;ГРИЗЛИ 3 БАТЕМБЕРГ;Свински врат без кост Колбасо;002535;21;7.92;6.99
55871;ГРИЗЛИ 3 БАТЕМБЕРГ;Сол ББТ 1 кг.;009383;39;0.61;
55871;ГРИЗЛИ 3 БАТЕМБЕРГ;Типов Многозърнест Хляб Милена 500гр.;004366;4;1.59;
55871;ГРИЗЛИ 3 БАТЕМБЕРГ;Тоалетна Хартия Емека 8бр.;005013;85;2.76;
55871;ГРИЗЛИ 3 БАТЕМБЕРГ;Точени Кори Класик/Баклава Белла 400гр.;001742;5;1.84;
55871;ГРИЗЛИ 3 БАТЕМБЕРГ;Хляб Бял Лозана Нарязан 830гр.;007284;1;1;
55871;ГРИЗЛИ 3 БАТЕМБЕРГ;Хляб Бял Симид Нарязан 500гр.;002129;1;0.82;
55871;ГРИЗЛИ 3 БАТЕМБЕРГ;Хляб Добруджа Лозана 500гр.;001483;2;0.79;
55871;ГРИЗЛИ 3 БАТЕМБЕРГ;Хляб Добруджа Мио 650гр.;008868;2;0.86;
55871;ГРИЗЛИ 3 БАТЕМБЕРГ;Хляб Добруджа Симид Нарязан 500гр.;002054;2;0.82;
55871;ГРИЗЛИ 3 БАТЕМБЕРГ;Хляб Добруджа Симид Нарязан 830гр.;000184;2;1.18;
55871;ГРИЗЛИ 3 БАТЕМБЕРГ;Хляб Типов Мио Здраве 600гр.;001049;4;0.86;
55871;ГРИЗЛИ 3 БАТЕМБЕРГ;Цигари Dunhill Swiss Blend 100s;007178;78;4.2;
55871;ГРИЗЛИ 3 БАТЕМБЕРГ;Цигари Dunhill Switch Slim rose;006176;78;4.3;
55871;ГРИЗЛИ 3 БАТЕМБЕРГ;Цигари Marlboro Fine Touch XL;001599;78;3.6;
55871;ГРИЗЛИ 3 БАТЕМБЕРГ;Цигари Marlboro Gold Touch;007328;78;3.6;
55871;ГРИЗЛИ 3 БАТЕМБЕРГ;Цигари Marlboro Red;000613;78;3.9;
55871;ГРИЗЛИ 3 БАТЕМБЕРГ;Цигари Merilyn Super Slim Pink;004820;78;3.4;
55871;ГРИЗЛИ 3 БАТЕМБЕРГ;Цигари Rothmans Classic Red 100s`;001193;78;3.07;
55871;ГРИЗЛИ 3 БАТЕМБЕРГ;Цигари Rothmans Slims Blue Black;000308;78;3.8;
55871;ГРИЗЛИ 3 БАТЕМБЕРГ;Цигари Sobranie Blue;000533;78;4.14;
55871;ГРИЗЛИ 3 БАТЕМБЕРГ;Цигари Sobranie Refine Red 7.60лв.;002012;78;3.89;
55871;ГРИЗЛИ 3 БАТЕМБЕРГ;Цигари Sobranie Slim Black;004392;78;3.9;
55871;ГРИЗЛИ 3 БАТЕМБЕРГ;Цигари Sobranie Slim Gold;004372;78;3.73;
55871;ГРИЗЛИ 3 БАТЕМБЕРГ;Цигари Terea Russet;002883;78;3.5;
55871;ГРИЗЛИ 3 БАТЕМБЕРГ;Цигари Terea Sienna;002882;78;3.5;
55871;ГРИЗЛИ 3 БАТЕМБЕРГ;Цигари Terea Soft Fuse;002875;78;3.5;
55871;ГРИЗЛИ 3 БАТЕМБЕРГ;Цигари Terea Teak;002850;78;3.5;
55871;ГРИЗЛИ 3 БАТЕМБЕРГ;Цигари Terea Turquoise;002873;78;3.5;
55871;ГРИЗЛИ 3 БАТЕМБЕРГ;Цигари Terea Yellow;002864;78;3.5;
55871;ГРИЗЛИ 3 БАТЕМБЕРГ;Цигари Winston black concept 100;003218;78;3.32;
55871;ГРИЗЛИ 3 БАТЕМБЕРГ;Червена ябълка;010836;53;1.35;
55871;ГРИЗЛИ 3 БАТЕМБЕРГ;Чесън;001797;59;3.65;
55871;ГРИЗЛИ 3 БАТЕМБЕРГ;Яйца М 5бр.;001949;31;1.05;
55871;ГРИЗЛИ 4 ЛОМ 3;Банани;001314;52;1.8;
55871;ГРИЗЛИ 4 ЛОМ 3;Бира Zagorka 2л.;005611;74;1.58;1.29
55871;ГРИЗЛИ 4 ЛОМ 3;Бира Ариана Светло 2.3л.;003366;74;1.59;1.28
55871;ГРИЗЛИ 4 ЛОМ 3;Бира Бургаско Светло 2.3л.;003588;74;1.63;1.25
55871;ГРИЗЛИ 4 ЛОМ 3;Бира Пиринско светло 2.3л.;006073;74;1.61;
55871;ГРИЗЛИ 4 ЛОМ 3;Бира Шуменско светло 2.2л.;003587;74;1.66;1.37
55871;ГРИЗЛИ 4 ЛОМ 3;Бисквити Роден край обикновени 190гр.;013428;66;1.07;0.9
55871;ГРИЗЛИ 4 ЛОМ 3;Брашно София Мел Тип 500 1кг.;000972;40;1.05;
55871;ГРИЗЛИ 4 ЛОМ 3;Бяло Вино Viognier - Semillon Cycle 750мл.;001544;75;6.23;5.09
55871;ГРИЗЛИ 4 ЛОМ 3;Бяло Саламурено Краве Сирене Топила;004610;8;7.61;
55871;ГРИЗЛИ 4 ЛОМ 3;Бяло Саламурено Сирене от Краве Мляко Лудогорско;007315;8;6.21;
55871;ГРИЗЛИ 4 ЛОМ 3;Бяло саламурено сирене Здравец от краве мляко;002552;8;8.94;7.59
55871;ГРИЗЛИ 4 ЛОМ 3;Бяло саламурено сирене от краве мляко Морава;005357;8;5.77;
55871;ГРИЗЛИ 4 ЛОМ 3;Гъби кг;003640;60;4.05;
55871;ГРИЗЛИ 4 ЛОМ 3;Детска лютеница Олинезко 520гр.;002913;49;3.01;
55871;ГРИЗЛИ 4 ЛОМ 3;Домати;001310;54;2.69;
55871;ГРИЗЛИ 4 ЛОМ 3;Жълта ябълка;010837;53;1.9;
55871;ГРИЗЛИ 4 ЛОМ 3;Захар Вучко 1кг.;009431;38;0.83;
55871;ГРИЗЛИ 4 ЛОМ 3;Зеле прясно;002332;57;0.95;
55871;ГРИЗЛИ 4 ЛОМ 3;Кайма Стандарт Сами - М;006600;25;6.28;
55871;ГРИЗЛИ 4 ЛОМ 3;Картоф;001313;61;0.59;
55871;ГРИЗЛИ 4 ЛОМ 3;Кашкавал Лудогорие пита;000592;10;9.59;
55871;ГРИЗЛИ 4 ЛОМ 3;Кашкавал Мургаш 200гр.;001621;11;3.16;
55871;ГРИЗЛИ 4 ЛОМ 3;Кашкавал Мургаш пита;004982;10;10.73;
55871;ГРИЗЛИ 4 ЛОМ 3;Кашкавалена извара;005724;13;2.39;
55871;ГРИЗЛИ 4 ЛОМ 3;Кисело Мляко Верея 2.9% 400гр.;004733;7;0.81;
55871;ГРИЗЛИ 4 ЛОМ 3;Кисело Мляко Домлян 3.6% 500гр.;000496;7;0.92;
55871;ГРИЗЛИ 4 ЛОМ 3;Кисело мляко Булгарче 2% 370гр.;001524;7;0.67;
55871;ГРИЗЛИ 4 ЛОМ 3;Кисело мляко Булгарче гигант 2% 400гр.;001108;7;0.8;
55871;ГРИЗЛИ 4 ЛОМ 3;Кисело мляко Здравец 2% 500гр.;000426;7;0.85;
55871;ГРИЗЛИ 4 ЛОМ 3;Кисело мляко Здравец 3.6% 500гр.;000393;7;0.92;0.83
55871;ГРИЗЛИ 4 ЛОМ 3;Кисело мляко Народен дар 2% 400гр.;009561;7;0.66;
55871;ГРИЗЛИ 4 ЛОМ 3;Краставици;003515;58;2.8;
55871;ГРИЗЛИ 4 ЛОМ 3;Кренвирш Бони насипен;003500;26;5.62;
55871;ГРИЗЛИ 4 ЛОМ 3;Кренвирш Деликатес Житница;003219;26;6.13;5.59
55871;ГРИЗЛИ 4 ЛОМ 3;Кренвирш Месокомбинат Брезник;000039;26;2.53;
55871;ГРИЗЛИ 4 ЛОМ 3;Кроасан Макс 7 Days 70/80/92гр.;000908;67;0.84;
55871;ГРИЗЛИ 4 ЛОМ 3;Кромид лук;001311;55;0.75;
55871;ГРИЗЛИ 4 ЛОМ 3;Лимон;001798;50;2.95;
55871;ГРИЗЛИ 4 ЛОМ 3;Макаронени Изделия Спектър 500гр.;000699;36;1.38;
55871;ГРИЗЛИ 4 ЛОМ 3;Макарони Прави Кръстев 400гр.;005415;36;0.64;
55871;ГРИЗЛИ 4 ЛОМ 3;Минерална Вода Горна Баня 1.5л.;006098;73;0.63;
55871;ГРИЗЛИ 4 ЛОМ 3;Моркови;001848;56;1.09;
55871;ГРИЗЛИ 4 ЛОМ 3;Немско Масло Markenbutter 250гр.;001769;12;3.09;
55871;ГРИЗЛИ 4 ЛОМ 3;Олио Калиакра 1л.;001864;42;2.04;
55871;ГРИЗЛИ 4 ЛОМ 3;Пилешки Цял Бут Вланел;003125;17;3.29;
55871;ГРИЗЛИ 4 ЛОМ 3;Пилешко Филе Вланел;001451;16;7.99;
55871;ГРИЗЛИ 4 ЛОМ 3;Портокали;002960;51;2.15;
55871;ГРИЗЛИ 4 ЛОМ 3;Прясно мляко Белииса 3.2% 1л.;000398;6;1.66;1.45
55871;ГРИЗЛИ 4 ЛОМ 3;Розов домат;005885;54;3.7;
55871;ГРИЗЛИ 4 ЛОМ 3;Сапун Dove 90гр.;633016;83;1.07;
55871;ГРИЗЛИ 4 ЛОМ 3;Сапун Super Max Teo 140гр.;011776;83;0.81;
55871;ГРИЗЛИ 4 ЛОМ 3;Свински бут без кост Колбасо;008455;19;6.74;
55871;ГРИЗЛИ 4 ЛОМ 3;Сол ББТ 1 кг.;009383;39;0.63;
55871;ГРИЗЛИ 4 ЛОМ 3;Точени Кори Фамилия 500гр.;631020;5;2.09;
55871;ГРИЗЛИ 4 ЛОМ 3;Хляб Бял Церера 800гр.;010269;1;1.2;
55871;ГРИЗЛИ 4 ЛОМ 3;Хляб Добруджа Лозана 500гр.;001483;2;0.79;
55871;ГРИЗЛИ 4 ЛОМ 3;Хляб Добруджа Мио 650гр.;008868;2;0.86;
55871;ГРИЗЛИ 4 ЛОМ 3;Хляб Добруджа Симид Нарязан 500гр.;002054;2;0.82;
55871;ГРИЗЛИ 4 ЛОМ 3;Хляб Добруджа Симид Нарязан 830гр.;000184;2;1.18;
55871;ГРИЗЛИ 4 ЛОМ 3;Хляб Добруджа Церера 800гр.;010273;2;1.2;
55871;ГРИЗЛИ 4 ЛОМ 3;Хляб Типов Церера 700гр.;010598;4;1.17;
55871;ГРИЗЛИ 4 ЛОМ 3;Цигари Delia Green;002922;78;3;
55871;ГРИЗЛИ 4 ЛОМ 3;Цигари Dunhill Blue;003417;78;4.2;
55871;ГРИЗЛИ 4 ЛОМ 3;Цигари Dunhill Switch Slim rose;006176;78;4.3;
55871;ГРИЗЛИ 4 ЛОМ 3;Цигари Muratti Slim Silver;006201;78;3.6;
55871;ГРИЗЛИ 4 ЛОМ 3;Цигари Parliament 100 Aqua Blue;006806;78;4.3;
55871;ГРИЗЛИ 4 ЛОМ 3;Цигари Rothmans Blue 6.40лв.;001189;78;3.27;
55871;ГРИЗЛИ 4 ЛОМ 3;Цигари Rothmans Slims Blue Black;000308;78;3.8;
55871;ГРИЗЛИ 4 ЛОМ 3;Цигари Sobranie Refine Red 7.60лв.;002012;78;4.1;
55871;ГРИЗЛИ 4 ЛОМ 3;Цигари Sobranie Slim Gold;004372;78;3.73;
55871;ГРИЗЛИ 4 ЛОМ 3;Цигари Terea Teak;002850;78;3.5;
55871;ГРИЗЛИ 4 ЛОМ 3;Цигари Terea Turquoise;002873;78;3.5;
55871;ГРИЗЛИ 4 ЛОМ 3;Червена ябълка;010836;53;1.4;
55871;ГРИЗЛИ 4 ЛОМ 3;Чесън;001797;59;4.2;
55871;ГРИЗЛИ 4 ЛОМ 3;Шоколад Млечен 80гр.;005224;69;1.43;1.09
55871;ГРИЗЛИ 4 ЛОМ 3;Ябълков Оцет Фамилекс 700мл.;006576;45;1.3;
55871;ГРИЗЛИ 7 ГЕОРГИ МАМАРЧЕВ;Банани;001314;52;1.85;
55871;ГРИЗЛИ 7 ГЕОРГИ МАМАРЧЕВ;Бира Ариана Светло 2.3л.;003366;74;1.59;1.28
55871;ГРИЗЛИ 7 ГЕОРГИ МАМАРЧЕВ;Бира Бургаско Светло 2.3л.;003588;74;1.63;1.25
55871;ГРИЗЛИ 7 ГЕОРГИ МАМАРЧЕВ;Бира Пиринско светло 2.3л.;006073;74;1.61;
55871;ГРИЗЛИ 7 ГЕОРГИ МАМАРЧЕВ;Бира Шуменско светло 2.2л.;003587;74;1.66;1.37
55871;ГРИЗЛИ 7 ГЕОРГИ МАМАРЧЕВ;Бисквити Житен Дар Обикновени 120гр.;630683;66;0.76;
55871;ГРИЗЛИ 7 ГЕОРГИ МАМАРЧЕВ;Бисквити Роден край обикновени 190гр.;013428;66;1.07;0.9
55871;ГРИЗЛИ 7 ГЕОРГИ МАМАРЧЕВ;Брашно София Мел Тип 500 1кг.;000972;40;1.05;
55871;ГРИЗЛИ 7 ГЕОРГИ МАМАРЧЕВ;Бяло Саламурено Краве Сирене Топила;004610;8;7.61;
55871;ГРИЗЛИ 7 ГЕОРГИ МАМАРЧЕВ;Бяло саламурено сирене Здравец от краве мляко;002552;8;8.94;7.59
55871;ГРИЗЛИ 7 ГЕОРГИ МАМАРЧЕВ;Бяло саламурено сирене от краве мляко Морава;005357;8;5.77;
55871;ГРИЗЛИ 7 ГЕОРГИ МАМАРЧЕВ;Веро Ехо 400мл.;000656;79;1.22;
55871;ГРИЗЛИ 7 ГЕОРГИ МАМАРЧЕВ;Гъби кг;003640;60;4.25;
55871;ГРИЗЛИ 7 ГЕОРГИ МАМАРЧЕВ;Детско пюре Gerber 190гр.;005692;64;2.09;
55871;ГРИЗЛИ 7 ГЕОРГИ МАМАРЧЕВ;Домати;001310;54;2.85;
55871;ГРИЗЛИ 7 ГЕОРГИ МАМАРЧЕВ;Домати Кубчета Консерва Фамилекс 400гр.;006614;48;1.12;0.99
55871;ГРИЗЛИ 7 ГЕОРГИ МАМАРЧЕВ;Домашна Едросмляна Лютеница Deroni 520гр.;632234;49;4.22;3.39
55871;ГРИЗЛИ 7 ГЕОРГИ МАМАРЧЕВ;Жълта ябълка;010837;53;1.75;
55871;ГРИЗЛИ 7 ГЕОРГИ МАМАРЧЕВ;Захар Вучко 1кг.;009431;38;0.83;
55871;ГРИЗЛИ 7 ГЕОРГИ МАМАРЧЕВ;Зеле прясно;002332;57;1.05;
55871;ГРИЗЛИ 7 ГЕОРГИ МАМАРЧЕВ;Зелена Ябълка;002543;53;1.95;
55871;ГРИЗЛИ 7 ГЕОРГИ МАМАРЧЕВ;Извара Olympus 400гр.;005897;14;2.17;
55871;ГРИЗЛИ 7 ГЕОРГИ МАМАРЧЕВ;Кайма Стандарт Сами - М;006600;25;6.28;
55871;ГРИЗЛИ 7 ГЕОРГИ МАМАРЧЕВ;Картоф;001313;61;0.55;
55871;ГРИЗЛИ 7 ГЕОРГИ МАМАРЧЕВ;Кафе Nova Brasilia Класик Мляно 200гр.;009970;70;3.93;
55871;ГРИЗЛИ 7 ГЕОРГИ МАМАРЧЕВ;Кашкавал Булгарче тост;008307;10;10.99;
55871;ГРИЗЛИ 7 ГЕОРГИ МАМАРЧЕВ;Кашкавал Верея 400гр.;001227;11;6.64;
55871;ГРИЗЛИ 7 ГЕОРГИ МАМАРЧЕВ;Кашкавал Кортен тостер;005002;10;10.89;
55871;ГРИЗЛИ 7 ГЕОРГИ МАМАРЧЕВ;Кашкавал Лудогорие пита;000592;10;9.59;
55871;ГРИЗЛИ 7 ГЕОРГИ МАМАРЧЕВ;Кашкавал Матанд Тапа;009377;10;12.78;
55871;ГРИЗЛИ 7 ГЕОРГИ МАМАРЧЕВ;Кашкавал Мургаш пита;004982;10;10.73;
55871;ГРИЗЛИ 7 ГЕОРГИ МАМАРЧЕВ;Кисело Мляко Верея 2.9% 400гр.;004733;7;0.81;
55871;ГРИЗЛИ 7 ГЕОРГИ МАМАРЧЕВ;Кисело Мляко Верея 3.6% 400гр.;013747;7;0.83;
55871;ГРИЗЛИ 7 ГЕОРГИ МАМАРЧЕВ;Кисело Мляко Домлян 3.6% 500гр.;000496;7;0.92;
55871;ГРИЗЛИ 7 ГЕОРГИ МАМАРЧЕВ;Кисело Мляко Земенея 2% 400гр.;009589;7;0.81;
55871;ГРИЗЛИ 7 ГЕОРГИ МАМАРЧЕВ;"Кисело мляко ""Боженци"" 2.2%  400гр.";005139;7;0.84;0.65
55871;ГРИЗЛИ 7 ГЕОРГИ МАМАРЧЕВ;"Кисело мляко ""Боженци"" 3.6% ЗНП 400гр.";001009;7;0.89;
55871;ГРИЗЛИ 7 ГЕОРГИ МАМАРЧЕВ;Кисело мляко Булгарче гигант 2% 400гр.;001108;7;0.8;
55871;ГРИЗЛИ 7 ГЕОРГИ МАМАРЧЕВ;Кисело мляко Верея 2% 400гр.;000265;7;0.77;
55871;ГРИЗЛИ 7 ГЕОРГИ МАМАРЧЕВ;Кисело мляко Здравец 2% 500гр.;000426;7;0.85;
55871;ГРИЗЛИ 7 ГЕОРГИ МАМАРЧЕВ;Кисело мляко Здравец 3.6% 500гр.;000393;7;0.92;0.83
55871;ГРИЗЛИ 7 ГЕОРГИ МАМАРЧЕВ;Кисело мляко Народен дар 2% 400гр.;009561;7;0.66;
55871;ГРИЗЛИ 7 ГЕОРГИ МАМАРЧЕВ;Краве Сирене Земенея;005546;8;9.2;
55871;ГРИЗЛИ 7 ГЕОРГИ МАМАРЧЕВ;Краставици;003515;58;2.69;
55871;ГРИЗЛИ 7 ГЕОРГИ МАМАРЧЕВ;Кренвирш Деликатес Житница;003219;26;6.13;5.59
55871;ГРИЗЛИ 7 ГЕОРГИ МАМАРЧЕВ;Кренвирш Кен;002565;26;6.26;4.89
55871;ГРИЗЛИ 7 ГЕОРГИ МАМАРЧЕВ;Кренвирш Леки;001264;26;6.52;
55871;ГРИЗЛИ 7 ГЕОРГИ МАМАРЧЕВ;Кренвирш Месокомбинат Брезник;000039;26;2.53;
55871;ГРИЗЛИ 7 ГЕОРГИ МАМАРЧЕВ;Кренвирш Народен;008139;26;6.28;5.01
55871;ГРИЗЛИ 7 ГЕОРГИ МАМАРЧЕВ;Кроасан 7 Days Super Max 110гр.;001839;67;1.07;
55871;ГРИЗЛИ 7 ГЕОРГИ МАМАРЧЕВ;Кроасан Макс 7 Days 70/80/92гр.;000908;67;0.84;
55871;ГРИЗЛИ 7 ГЕОРГИ МАМАРЧЕВ;Кромид лук;001311;55;0.79;
55871;ГРИЗЛИ 7 ГЕОРГИ МАМАРЧЕВ;Лимон;001798;50;2.69;
55871;ГРИЗЛИ 7 ГЕОРГИ МАМАРЧЕВ;Макаронени Изделия Спектър 500гр.;000699;36;1.38;
55871;ГРИЗЛИ 7 ГЕОРГИ МАМАРЧЕВ;Макаронени Охлюви Кръстев 400гр.;006548;36;0.64;
55871;ГРИЗЛИ 7 ГЕОРГИ МАМАРЧЕВ;Месно Пюре Ganchev 190гр.;630216;64;1.22;
55871;ГРИЗЛИ 7 ГЕОРГИ МАМАРЧЕВ;Минерална Вода Devin 1.5л.;003761;73;0.52;
55871;ГРИЗЛИ 7 ГЕОРГИ МАМАРЧЕВ;Минерална Вода Банкя 1.5л.;001471;73;0.59;0.51
55871;ГРИЗЛИ 7 ГЕОРГИ МАМАРЧЕВ;Минерална Вода Горна Баня 1.5л.;006098;73;0.63;
55871;ГРИЗЛИ 7 ГЕОРГИ МАМАРЧЕВ;Мокри Кърпи Renkli 100бр.;000467;84;1.48;1.29
55871;ГРИЗЛИ 7 ГЕОРГИ МАМАРЧЕВ;Моркови;001848;56;1.15;
55871;ГРИЗЛИ 7 ГЕОРГИ МАМАРЧЕВ;Натурален ябълков оцет Дупница 700мл.;008461;45;1.45;
55871;ГРИЗЛИ 7 ГЕОРГИ МАМАРЧЕВ;Натурална Минерална Вода Велинград 1.5л.;000596;73;0.43;
55871;ГРИЗЛИ 7 ГЕОРГИ МАМАРЧЕВ;Немско Масло Markenbutter 250гр.;001769;12;3.09;
55871;ГРИЗЛИ 7 ГЕОРГИ МАМАРЧЕВ;Олио Delicia 1л.;005233;42;1.99;
55871;ГРИЗЛИ 7 ГЕОРГИ МАМАРЧЕВ;Олио Калиакра 1л.;001864;42;2.04;
55871;ГРИЗЛИ 7 ГЕОРГИ МАМАРЧЕВ;Олио Карина 1л.;011528;42;1.99;
55871;ГРИЗЛИ 7 ГЕОРГИ МАМАРЧЕВ;Паста за зъби Colgate Triple Action 50мл.;001324;81;1.25;
55871;ГРИЗЛИ 7 ГЕОРГИ МАМАРЧЕВ;Пилешки Цял Бут Вланел;003125;17;3.29;
55871;ГРИЗЛИ 7 ГЕОРГИ МАМАРЧЕВ;Пилешко Филе Вланел;001451;16;7.99;
55871;ГРИЗЛИ 7 ГЕОРГИ МАМАРЧЕВ;Плодово Пюре Ganchev 190гр.;630214;64;1.02;
55871;ГРИЗЛИ 7 ГЕОРГИ МАМАРЧЕВ;Портокали;002960;51;1.85;
55871;ГРИЗЛИ 7 ГЕОРГИ МАМАРЧЕВ;Прясно Мляко Mlekovita 3.2% 1л.;007647;6;1.29;
55871;ГРИЗЛИ 7 ГЕОРГИ МАМАРЧЕВ;Ракия Карнобатска Гроздова 700мл.;630393;77;7.55;
55871;ГРИЗЛИ 7 ГЕОРГИ МАМАРЧЕВ;Розов домат;005885;54;3.25;
55871;ГРИЗЛИ 7 ГЕОРГИ МАМАРЧЕВ;Сапун Dove 90гр.;633016;83;1.07;
55871;ГРИЗЛИ 7 ГЕОРГИ МАМАРЧЕВ;Сапун Palmolive 90гр.;009035;83;0.76;
55871;ГРИЗЛИ 7 ГЕОРГИ МАМАРЧЕВ;Сапун Super Max Teo 140гр.;011776;83;0.81;
55871;ГРИЗЛИ 7 ГЕОРГИ МАМАРЧЕВ;Сапун Teo Bebe 75гр.;004551;83;0.79;
55871;ГРИЗЛИ 7 ГЕОРГИ МАМАРЧЕВ;Свинска Плешка без Кост;004591;18;4.8;
55871;ГРИЗЛИ 7 ГЕОРГИ МАМАРЧЕВ;Свински бут без кост Колбасо;008455;19;6.74;
55871;ГРИЗЛИ 7 ГЕОРГИ МАМАРЧЕВ;Свински врат без кост Колбасо;002535;21;7.92;6.99
55871;ГРИЗЛИ 7 ГЕОРГИ МАМАРЧЕВ;Свински врат с кост Колбасо;008454;21;6.8;
55871;ГРИЗЛИ 7 ГЕОРГИ МАМАРЧЕВ;Сирене Мургаш 400гр.;003083;9;4.85;
55871;ГРИЗЛИ 7 ГЕОРГИ МАМАРЧЕВ;Сол ББТ 1 кг.;009383;39;0.61;
55871;ГРИЗЛИ 7 ГЕОРГИ МАМАРЧЕВ;Спагети Stella №10 500гр.;632637;37;1.48;
55871;ГРИЗЛИ 7 ГЕОРГИ МАМАРЧЕВ;Типов Многозърнест Хляб Милена 500гр.;004366;4;1.59;
55871;ГРИЗЛИ 7 ГЕОРГИ МАМАРЧЕВ;Тракийски Точени Кори 400гр.;004239;5;1.51;
55871;ГРИЗЛИ 7 ГЕОРГИ МАМАРЧЕВ;Хляб Бял Лозана Нарязан 830гр.;007284;1;1;
55871;ГРИЗЛИ 7 ГЕОРГИ МАМАРЧЕВ;Хляб Бял Церера 800гр.;010269;1;1.2;
55871;ГРИЗЛИ 7 ГЕОРГИ МАМАРЧЕВ;Хляб Добруджа Лозана 500гр.;001483;2;0.79;
55871;ГРИЗЛИ 7 ГЕОРГИ МАМАРЧЕВ;Хляб Добруджа Мио 650гр.;008868;2;0.86;
55871;ГРИЗЛИ 7 ГЕОРГИ МАМАРЧЕВ;Хляб Добруджа Симид Нарязан 830гр.;000184;2;1.18;
55871;ГРИЗЛИ 7 ГЕОРГИ МАМАРЧЕВ;Хляб Добруджа Церера 800гр.;010273;2;1.2;
55871;ГРИЗЛИ 7 ГЕОРГИ МАМАРЧЕВ;Хляб Типов Мио Здраве 600гр.;001049;4;0.86;
55871;ГРИЗЛИ 7 ГЕОРГИ МАМАРЧЕВ;Хляб Типов Симид Нарязан 830гр.;008083;4;1.18;
55871;ГРИЗЛИ 7 ГЕОРГИ МАМАРЧЕВ;Цигари Dunhill Blue;003417;78;4.2;
55871;ГРИЗЛИ 7 ГЕОРГИ МАМАРЧЕВ;Цигари Dunhill Premium Blend;005108;78;4.2;
55871;ГРИЗЛИ 7 ГЕОРГИ МАМАРЧЕВ;Цигари Dunhill Swiss Blend 100s;007178;78;4.2;
55871;ГРИЗЛИ 7 ГЕОРГИ МАМАРЧЕВ;Цигари Dunhill Switch Slim rose;006176;78;4.3;
55871;ГРИЗЛИ 7 ГЕОРГИ МАМАРЧЕВ;Цигари Dunhill Бял;003220;78;3.73;
55871;ГРИЗЛИ 7 ГЕОРГИ МАМАРЧЕВ;Цигари L&M 100 Red;002331;78;3.5;
55871;ГРИЗЛИ 7 ГЕОРГИ МАМАРЧЕВ;Цигари Marlboro Fine Touch;002822;78;3.43;
55871;ГРИЗЛИ 7 ГЕОРГИ МАМАРЧЕВ;Цигари Marlboro Fine Touch XL;001599;78;3.6;
55871;ГРИЗЛИ 7 ГЕОРГИ МАМАРЧЕВ;Цигари Marlboro Gold Crafted;007329;78;3.3;
55871;ГРИЗЛИ 7 ГЕОРГИ МАМАРЧЕВ;Цигари Marlboro Gold Touch;007328;78;3.43;
55871;ГРИЗЛИ 7 ГЕОРГИ МАМАРЧЕВ;Цигари Marlboro Red Crafted;007330;78;3.3;
55871;ГРИЗЛИ 7 ГЕОРГИ МАМАРЧЕВ;Цигари Parliament Manhattan Aqua Blue;007152;78;3.63;
55871;ГРИЗЛИ 7 ГЕОРГИ МАМАРЧЕВ;Цигари Rothmans Slims Blue Black;000308;78;3.8;
55871;ГРИЗЛИ 7 ГЕОРГИ МАМАРЧЕВ;Цигари Sobranie Refine Red 7.60лв.;002012;78;3.89;
55871;ГРИЗЛИ 7 ГЕОРГИ МАМАРЧЕВ;Цигари Sobranie Slim Black;004392;78;3.9;
55871;ГРИЗЛИ 7 ГЕОРГИ МАМАРЧЕВ;Цигари Sobranie Slim Gold;004372;78;3.73;
55871;ГРИЗЛИ 7 ГЕОРГИ МАМАРЧЕВ;Цигари Terea Russet;002883;78;3.5;
55871;ГРИЗЛИ 7 ГЕОРГИ МАМАРЧЕВ;Цигари Terea Turquoise;002873;78;3.5;
55871;ГРИЗЛИ 7 ГЕОРГИ МАМАРЧЕВ;Цигари Winston black concept 100;003218;78;3.32;
55871;ГРИЗЛИ 7 ГЕОРГИ МАМАРЧЕВ;Черни Маслини 70/90;634027;62;5.75;
55871;ГРИЗЛИ 7 ГЕОРГИ МАМАРЧЕВ;Чесън;001797;59;3.49;
55871;ГРИЗЛИ 7 ГЕОРГИ МАМАРЧЕВ;Шампоан Nivea 250мл.;001263;82;3.57;
55871;ГРИЗЛИ 7 ГЕОРГИ МАМАРЧЕВ;Шампоан Teo 350мл.;004915;82;1.68;
55871;ГРИЗЛИ 7 ГЕОРГИ МАМАРЧЕВ;Шоколад Млечен 80гр.;005224;69;1.43;1.09
55871;ГРИЗЛИ 7 ГЕОРГИ МАМАРЧЕВ;Шоколад Млечен с Ядки и Стафиди 80гр.;630279;69;1.43;1.09
55871;ГРИЗЛИ 7 ГЕОРГИ МАМАРЧЕВ;Яйца М 5бр.;001949;31;1.05;
55871;ГРИЗЛИ 1 КРАКРА 73;Банани;001314;52;1.8;
55871;ГРИЗЛИ 1 КРАКРА 73;Бира Zagorka 2л.;005611;74;1.58;1.29
55871;ГРИЗЛИ 1 КРАКРА 73;Бира Ариана Светло 2.3л.;003366;74;1.59;1.28
55871;ГРИЗЛИ 1 КРАКРА 73;Бира Бургаско Светло 2.3л.;003588;74;1.63;1.25
55871;ГРИЗЛИ 1 КРАКРА 73;Бира Пиринско светло 2.3л.;006073;74;1.61;
55871;ГРИЗЛИ 1 КРАКРА 73;Бира Шуменско светло 2.2л.;003587;74;1.66;1.37
55871;ГРИЗЛИ 1 КРАКРА 73;Бисквити Житен Дар Обикновени 220гр.;001773;66;1.25;
55871;ГРИЗЛИ 1 КРАКРА 73;Брашно София Мел Тип 500 1кг.;000972;40;1.05;
55871;ГРИЗЛИ 1 КРАКРА 73;Бяло Вино Muscat Sophia 750мл.;003188;75;2.59;
55871;ГРИЗЛИ 1 КРАКРА 73;Бяло Саламурено Краве Сирене Топила;004610;8;7.61;
55871;ГРИЗЛИ 1 КРАКРА 73;Бяло Саламурено Сирене от Краве Мляко Лудогорско;007315;8;6.21;
55871;ГРИЗЛИ 1 КРАКРА 73;Бяло саламурено сирене Здравец от краве мляко;002552;8;8.94;7.59
55871;ГРИЗЛИ 1 КРАКРА 73;Бяло саламурено сирене от краве мляко Булгарче;001526;8;7.11;
55871;ГРИЗЛИ 1 КРАКРА 73;Веро Feya 400мл.;000056;79;0.92;
55871;ГРИЗЛИ 1 КРАКРА 73;Винен Оцет Дупница 100% Натурален 700мл.;008460;44;1.27;
55871;ГРИЗЛИ 1 КРАКРА 73;Грах Консерва Фамилекс 400гр.;006650;47;0.89;
55871;ГРИЗЛИ 1 КРАКРА 73;Гъби кг;003640;60;4.49;
55871;ГРИЗЛИ 1 КРАКРА 73;Детско пюре Gerber Organic 250гр.;003534;64;2.91;
55871;ГРИЗЛИ 1 КРАКРА 73;Домати;001310;54;2.99;
55871;ГРИЗЛИ 1 КРАКРА 73;Домати Кубчета Консерва Фамилекс 400гр.;006614;48;1.12;0.99
55871;ГРИЗЛИ 1 КРАКРА 73;Домашна Едросмляна Лютеница Deroni 520гр.;632234;49;4.22;3.39
55871;ГРИЗЛИ 1 КРАКРА 73;Жълта ябълка;010837;53;1.75;
55871;ГРИЗЛИ 1 КРАКРА 73;Захар Вучко 1кг.;009431;38;0.83;
55871;ГРИЗЛИ 1 КРАКРА 73;Зеле прясно;002332;57;1.09;
55871;ГРИЗЛИ 1 КРАКРА 73;Зряло Сирене Верея 200гр.;004957;9;3.16;
55871;ГРИЗЛИ 1 КРАКРА 73;Зряло Сирене Верея 400гр.;002148;9;5.06;
55871;ГРИЗЛИ 1 КРАКРА 73;Извара Olympus 400гр.;005897;14;2.17;
55871;ГРИЗЛИ 1 КРАКРА 73;Кайма Стандарт Сами - М;006600;25;6.28;
55871;ГРИЗЛИ 1 КРАКРА 73;Картоф;001313;61;0.59;
55871;ГРИЗЛИ 1 КРАКРА 73;Кафе Nova Brasilia Джезве Мляно 200гр.;630311;70;3.93;
55871;ГРИЗЛИ 1 КРАКРА 73;Кафе Nova Brasilia Класик Мляно 200гр.;009970;70;3.93;
55871;ГРИЗЛИ 1 КРАКРА 73;Кашкавал Булгарче 400гр.;006504;11;5.11;
55871;ГРИЗЛИ 1 КРАКРА 73;Кашкавал Здравец 220гр.;000420;11;3.2;
55871;ГРИЗЛИ 1 КРАКРА 73;Кашкавал Здравец 370гр.;000453;11;5.11;
55871;ГРИЗЛИ 1 КРАКРА 73;Кашкавал Лудогорие пита;000592;10;9.59;
55871;ГРИЗЛИ 1 КРАКРА 73;Кашкавал Матанд Плочка;012001;10;12.67;
55871;ГРИЗЛИ 1 КРАКРА 73;Кашкавал Матанд Сектор;009378;10;12.67;
55871;ГРИЗЛИ 1 КРАКРА 73;Кашкавал Мургаш пита;004982;10;10.73;
55871;ГРИЗЛИ 1 КРАКРА 73;Кашкавалена извара;005724;13;2.39;
55871;ГРИЗЛИ 1 КРАКРА 73;Кисело Мляко Meggle 3.6% 400гр.;005654;7;0.85;0.75
55871;ГРИЗЛИ 1 КРАКРА 73;Кисело Мляко Верея 2.9% 400гр.;004733;7;0.81;
55871;ГРИЗЛИ 1 КРАКРА 73;Кисело Мляко Верея 3.6% 400гр.;013747;7;0.83;
55871;ГРИЗЛИ 1 КРАКРА 73;Кисело Мляко Земенея 2% 400гр.;009589;7;0.81;
55871;ГРИЗЛИ 1 КРАКРА 73;Кисело Мляко Натурално Olympus 3.6%  400гр.;000747;7;0.86;0.79
55871;ГРИЗЛИ 1 КРАКРА 73;"Кисело мляко ""Боженци"" 2.2%  400гр.";005139;7;0.84;0.65
55871;ГРИЗЛИ 1 КРАКРА 73;"Кисело мляко ""Боженци"" 3.6% ЗНП 400гр.";001009;7;0.89;
55871;ГРИЗЛИ 1 КРАКРА 73;Кисело мляко Булгарче 2% 370гр.;001524;7;0.67;
55871;ГРИЗЛИ 1 КРАКРА 73;Кисело мляко Булгарче гигант 3.6% 400гр.;005621;7;0.84;
55871;ГРИЗЛИ 1 КРАКРА 73;Кисело мляко Верея 2% 400гр.;000265;7;0.77;
55871;ГРИЗЛИ 1 КРАКРА 73;Кисело мляко Здравец 2% 500гр.;000426;7;0.85;
55871;ГРИЗЛИ 1 КРАКРА 73;Кисело мляко Здравец 3.6% 500гр.;000393;7;0.92;0.83
55871;ГРИЗЛИ 1 КРАКРА 73;Кисело мляко Народен дар 2% 400гр.;009561;7;0.66;
55871;ГРИЗЛИ 1 КРАКРА 73;Краве Сирене Земенея;005546;8;9.2;
55871;ГРИЗЛИ 1 КРАКРА 73;Краве Сирене Маджаров 500гр.;001598;9;8.25;
55871;ГРИЗЛИ 1 КРАКРА 73;Краве сирене Здравец 350гр.;000437;9;3.83;
55871;ГРИЗЛИ 1 КРАКРА 73;Краставици;003515;58;2.85;
55871;ГРИЗЛИ 1 КРАКРА 73;Кренвирш Деликатес Житница;003219;26;6.13;5.59
55871;ГРИЗЛИ 1 КРАКРА 73;Кренвирш Кен;002565;26;6.26;4.89
55871;ГРИЗЛИ 1 КРАКРА 73;Кренвирш Месокомбинат Брезник;000039;26;2.53;
55871;ГРИЗЛИ 1 КРАКРА 73;Кренвирш Народен;008139;26;6.28;5.01
55871;ГРИЗЛИ 1 КРАКРА 73;Кроасан 7 Days Super Max 110гр.;001839;67;1.07;
55871;ГРИЗЛИ 1 КРАКРА 73;Кроасан Milka 50гр.;001384;67;0.99;
55871;ГРИЗЛИ 1 КРАКРА 73;Кроасан Макс 7 Days 70/80/92гр.;000908;67;0.84;
55871;ГРИЗЛИ 1 КРАКРА 73;Кромид лук;001311;55;0.8;
55871;ГРИЗЛИ 1 КРАКРА 73;Лимон;001798;50;2.85;
55871;ГРИЗЛИ 1 КРАКРА 73;Макарони Дребни Кръстев 400гр.;005422;36;0.64;
55871;ГРИЗЛИ 1 КРАКРА 73;Макарони Прави Кръстев 400гр.;005415;36;0.64;
55871;ГРИЗЛИ 1 КРАКРА 73;Маслини черни без костилка Алтънбар;001404;62;4.95;
55871;ГРИЗЛИ 1 КРАКРА 73;Минерална Вода Devin 1.5л.;003761;73;0.52;
55871;ГРИЗЛИ 1 КРАКРА 73;Минерална Вода Банкя 1.5л.;001471;73;0.59;0.51
55871;ГРИЗЛИ 1 КРАКРА 73;Минерална Вода Горна Баня 1.5л.;006098;73;0.63;
55871;ГРИЗЛИ 1 КРАКРА 73;Млечна Каша Ganchev 190гр.;634033;63;1.07;
55871;ГРИЗЛИ 1 КРАКРА 73;Мокри Кърпи Renkli 100бр.;000467;84;1.48;1.29
55871;ГРИЗЛИ 1 КРАКРА 73;Моркови;001848;56;1.2;
55871;ГРИЗЛИ 1 КРАКРА 73;Натурална Минерална Вода Велинград 1.5л.;000596;73;0.43;
55871;ГРИЗЛИ 1 КРАКРА 73;Олио Delicia 1л.;005233;42;1.99;
55871;ГРИЗЛИ 1 КРАКРА 73;Олио Калиакра 1л.;001864;42;2.04;
55871;ГРИЗЛИ 1 КРАКРА 73;Олио Карина 1л.;011528;42;1.99;
55871;ГРИЗЛИ 1 КРАКРА 73;Пилешки Цял Бут Вланел;003125;17;3.29;
55871;ГРИЗЛИ 1 КРАКРА 73;Пилешко Филе Вланел;001451;16;7.99;
55871;ГРИЗЛИ 1 КРАКРА 73;Портокали;002960;51;1.89;
55871;ГРИЗЛИ 1 КРАКРА 73;Прясно Мляко Mlekovita 3.2% 1л.;007647;6;1.29;
55871;ГРИЗЛИ 1 КРАКРА 73;Прясно мляко Белииса 3.2% 1л.;000398;6;1.66;1.45
55871;ГРИЗЛИ 1 КРАКРА 73;Розов домат;005885;54;3.25;
55871;ГРИЗЛИ 1 КРАКРА 73;Розов домат;005885;54;3.3;
55871;ГРИЗЛИ 1 КРАКРА 73;Сапун Dove 90гр.;633016;83;1.07;
55871;ГРИЗЛИ 1 КРАКРА 73;Сапун Harmony 150гр.;005874;83;0.86;
55871;ГРИЗЛИ 1 КРАКРА 73;Сапун Teo 70гр.;630770;83;0.43;
55871;ГРИЗЛИ 1 КРАКРА 73;Сапун Бочко 75гр.;000667;83;1.02;
55871;ГРИЗЛИ 1 КРАКРА 73;Свинска Плешка без Кост;004591;18;4.8;
55871;ГРИЗЛИ 1 КРАКРА 73;Свински бут без кост Колбасо;008455;19;6.74;
55871;ГРИЗЛИ 1 КРАКРА 73;Свински врат без кост Колбасо;002535;21;7.92;6.99
55871;ГРИЗЛИ 1 КРАКРА 73;Свински врат с кост Колбасо;008454;21;6.8;
55871;ГРИЗЛИ 1 КРАКРА 73;Сол ББТ 1 кг.;009383;39;0.61;
55871;ГРИЗЛИ 1 КРАКРА 73;Сух Шпек Бургас Колбасо 330гр.;007570;28;2.3;
55871;ГРИЗЛИ 1 КРАКРА 73;Тоалетна Хартия PickMe 8бр.;006984;85;2.17;
55871;ГРИЗЛИ 1 КРАКРА 73;Точени Кори Фамилия 500гр.;631020;5;2.09;
55871;ГРИЗЛИ 1 КРАКРА 73;Тракийски Точени Кори 400гр.;004239;5;1.51;
55871;ГРИЗЛИ 1 КРАКРА 73;Хляб Бял Лозана Нарязан 830гр.;007284;1;1;
55871;ГРИЗЛИ 1 КРАКРА 73;Хляб Бял Церера 800гр.;010269;1;1.2;
55871;ГРИЗЛИ 1 КРАКРА 73;Хляб Добруджа Лозана 500гр.;001483;2;0.79;
55871;ГРИЗЛИ 1 КРАКРА 73;Хляб Добруджа Мио 650гр.;008868;2;0.86;
55871;ГРИЗЛИ 1 КРАКРА 73;Хляб Добруджа Симид Нарязан 500гр.;002054;2;0.82;
55871;ГРИЗЛИ 1 КРАКРА 73;Хляб Добруджа Симид Нарязан 830гр.;000184;2;1.18;
55871;ГРИЗЛИ 1 КРАКРА 73;Хляб Добруджа Церера 800гр.;010273;2;1.2;
55871;ГРИЗЛИ 1 КРАКРА 73;Хляб Типов Мио Здраве 600гр.;001049;4;0.86;
55871;ГРИЗЛИ 1 КРАКРА 73;Хляб Типов Симид Нарязан 830гр.;008083;4;1.18;
55871;ГРИЗЛИ 1 КРАКРА 73;Цигари Delia Gold;002939;78;3;
55871;ГРИЗЛИ 1 КРАКРА 73;Цигари Delia Green;002922;78;3;
55871;ГРИЗЛИ 1 КРАКРА 73;Цигари Delia Silver;002925;78;3;
55871;ГРИЗЛИ 1 КРАКРА 73;Цигари Dunhill Blue;003417;78;4.2;
55871;ГРИЗЛИ 1 КРАКРА 73;Цигари Dunhill Switch Slim rose;006176;78;4.3;
55871;ГРИЗЛИ 1 КРАКРА 73;Цигари Dunhill Бял;003220;78;4;
55871;ГРИЗЛИ 1 КРАКРА 73;Цигари Dunhill Розов;003215;78;4;
55871;ГРИЗЛИ 1 КРАКРА 73;Цигари Eva Slims Vogue Coral;004402;78;3.58;
55871;ГРИЗЛИ 1 КРАКРА 73;Цигари King Red 6.00лв.;001374;78;3.07;
55871;ГРИЗЛИ 1 КРАКРА 73;Цигари L&M 100 Red;002331;78;3.5;
55871;ГРИЗЛИ 1 КРАКРА 73;Цигари L&M 100 blue;002307;78;3.5;
55871;ГРИЗЛИ 1 КРАКРА 73;Цигари Marlboro Fine Touch XL;001599;78;3.6;
55871;ГРИЗЛИ 1 КРАКРА 73;Цигари Marlboro Gold Crafted;007329;78;3.3;
55871;ГРИЗЛИ 1 КРАКРА 73;Цигари Marlboro Gold Touch;007328;78;3.6;
55871;ГРИЗЛИ 1 КРАКРА 73;Цигари Marlboro Red Crafted;007330;78;3.3;
55871;ГРИЗЛИ 1 КРАКРА 73;Цигари Merilyn Super Slim Pink;004820;78;3.4;
55871;ГРИЗЛИ 1 КРАКРА 73;Цигари Muratti Slim Silver;006201;78;3.43;
55871;ГРИЗЛИ 1 КРАКРА 73;Цигари Parliament 100 Aqua Blue;006806;78;4.3;
55871;ГРИЗЛИ 1 КРАКРА 73;Цигари Parliament Manhattan Aqua Blue;007152;78;3.63;
55871;ГРИЗЛИ 1 КРАКРА 73;Цигари Rothmans Classic Blue 100s`;001196;78;3.3;
55871;ГРИЗЛИ 1 КРАКРА 73;Цигари Rothmans Silver 100;001822;78;3.8;
55871;ГРИЗЛИ 1 КРАКРА 73;Цигари Sobranie Refine Red 7.60лв.;002012;78;4.1;
55871;ГРИЗЛИ 1 КРАКРА 73;Цигари Sobranie Slim Black;004392;78;3.9;
55871;ГРИЗЛИ 1 КРАКРА 73;Цигари Sobranie Slim Gold;004372;78;3.73;
55871;ГРИЗЛИ 1 КРАКРА 73;Цигари Terea Bronze;002887;78;3.5;
55871;ГРИЗЛИ 1 КРАКРА 73;Цигари Terea Russet;002883;78;3.5;
55871;ГРИЗЛИ 1 КРАКРА 73;Цигари Terea Silver;004665;78;3.5;
55871;ГРИЗЛИ 1 КРАКРА 73;Цигари Terea Soft Fuse;002875;78;3.5;
55871;ГРИЗЛИ 1 КРАКРА 73;Цигари Terea Teak;002850;78;3.5;
55871;ГРИЗЛИ 1 КРАКРА 73;Цигари Terea Turquoise;002873;78;3.5;
55871;ГРИЗЛИ 1 КРАКРА 73;Цигари Winston black concept 100;003218;78;3.5;
55871;ГРИЗЛИ 1 КРАКРА 73;Червена ябълка;010836;53;1.35;
55871;ГРИЗЛИ 1 КРАКРА 73;Черни Маслини Услу;001591;62;4.09;
55871;ГРИЗЛИ 1 КРАКРА 73;Чесън;001797;59;4.59;
55871;ГРИЗЛИ 1 КРАКРА 73;Шампоан Nivea 250мл.;001263;82;3.57;
55871;ГРИЗЛИ 1 КРАКРА 73;Шампоан Teo 350мл.;004915;82;1.68;
55871;ГРИЗЛИ 1 КРАКРА 73;Шампоани Stilena 400мл.;005622;82;1.68;
55871;ГРИЗЛИ 1 КРАКРА 73;Шоколад Lindt Млечен 100гр.;003045;69;3.45;
55871;ГРИЗЛИ 1 КРАКРА 73;Шоколад Млечен 80гр.;005224;69;1.43;1.09
55871;ГРИЗЛИ 1 КРАКРА 73;Яйца М 5бр.;001949;31;1.05;
55871;ГРИЗЛИ 9 КАЛКАС;Банани;001314;52;1.7;
55871;ГРИЗЛИ 9 КАЛКАС;Билков Чай Bioset 20бр. 30гр.;003902;72;1.12;
55871;ГРИЗЛИ 9 КАЛКАС;Бира Бургаско Светло 2.3л.;003588;74;1.63;1.25
55871;ГРИЗЛИ 9 КАЛКАС;Бира Пиринско светло 2.3л.;006073;74;1.61;
55871;ГРИЗЛИ 9 КАЛКАС;Бисквити Житен Дар Обикновени 220гр.;001773;66;1.25;
55871;ГРИЗЛИ 9 КАЛКАС;Бисквити Роден край обикновени 190гр.;013428;66;1.07;0.9
55871;ГРИЗЛИ 9 КАЛКАС;Брашно София Мел Тип 500 1кг.;000972;40;1.05;
55871;ГРИЗЛИ 9 КАЛКАС;Бяло Вино Chardonnay Colombard Cycle 750мл.;000139;75;6.23;5.09
55871;ГРИЗЛИ 9 КАЛКАС;Бяло Саламурено Краве Сирене Топила;004610;8;7.61;
55871;ГРИЗЛИ 9 КАЛКАС;Бяло Саламурено Сирене от Краве Мляко Лудогорско;007315;8;6.21;
55871;ГРИЗЛИ 9 КАЛКАС;Веро Feya 400мл.;000056;79;0.92;
55871;ГРИЗЛИ 9 КАЛКАС;Домати;001310;54;2.85;
55871;ГРИЗЛИ 9 КАЛКАС;Домашна Едросмляна Лютеница Deroni 520гр.;632234;49;4.22;3.39
55871;ГРИЗЛИ 9 КАЛКАС;Жълта ябълка;010837;53;1.65;
55871;ГРИЗЛИ 9 КАЛКАС;Захар Вучко 1кг.;009431;38;0.83;
55871;ГРИЗЛИ 9 КАЛКАС;Зряло Сирене Верея 700гр.;001228;9;8.56;
55871;ГРИЗЛИ 9 КАЛКАС;Кайма Стандарт Сами - М;006600;25;6.28;
55871;ГРИЗЛИ 9 КАЛКАС;Картоф;001313;61;0.55;
55871;ГРИЗЛИ 9 КАЛКАС;Кафе Nova Brasilia Класик Мляно 200гр.;009970;70;3.93;
55871;ГРИЗЛИ 9 КАЛКАС;Кашкавал Кортен тостер;005002;10;10.89;
55871;ГРИЗЛИ 9 КАЛКАС;Кашкавал Лудогорие пита;000592;10;9.59;
55871;ГРИЗЛИ 9 КАЛКАС;Кашкавал Мургаш пита;004982;10;10.73;
55871;ГРИЗЛИ 9 КАЛКАС;Кашкавалена извара;005724;13;2.39;
55871;ГРИЗЛИ 9 КАЛКАС;Кисело Мляко Верея 3.6% 400гр.;013747;7;0.83;
55871;ГРИЗЛИ 9 КАЛКАС;Кисело Мляко Верея Чудно 2.5% 400гр.;000121;7;0.86;
55871;ГРИЗЛИ 9 КАЛКАС;"Кисело мляко ""Боженци"" 2.2%  400гр.";005139;7;0.84;0.65
55871;ГРИЗЛИ 9 КАЛКАС;Кисело мляко Здравец 2% 500гр.;000426;7;0.85;
55871;ГРИЗЛИ 9 КАЛКАС;Кисело мляко Здравец 3.6% 500гр.;000393;7;0.92;0.83
55871;ГРИЗЛИ 9 КАЛКАС;Кисело мляко Народен дар 2% 400гр.;009561;7;0.66;
55871;ГРИЗЛИ 9 КАЛКАС;Краве Сирене Земенея;005546;8;9.2;
55871;ГРИЗЛИ 9 КАЛКАС;Краставици;003515;58;2.75;
55871;ГРИЗЛИ 9 КАЛКАС;Кренвирш Кен;002565;26;6.26;4.89
55871;ГРИЗЛИ 9 КАЛКАС;Кренвирш Месокомбинат Брезник;000039;26;2.53;
55871;ГРИЗЛИ 9 КАЛКАС;Кренвирш Народен;008139;26;6.28;5.01
55871;ГРИЗЛИ 9 КАЛКАС;Кроасан Макс 7 Days 70/80/92гр.;000908;67;0.84;
55871;ГРИЗЛИ 9 КАЛКАС;Кромид лук;001311;55;0.79;
55871;ГРИЗЛИ 9 КАЛКАС;Лимон;001798;50;2.65;
55871;ГРИЗЛИ 9 КАЛКАС;Макаронени Изделия Спектър 500гр.;000699;36;1.38;
55871;ГРИЗЛИ 9 КАЛКАС;Маслини черни без костилка Алтънбар;001404;62;4.95;
55871;ГРИЗЛИ 9 КАЛКАС;Минерална Вода Devin 1.5л.;003761;73;0.52;
55871;ГРИЗЛИ 9 КАЛКАС;Минерална Вода Банкя 1.5л.;001471;73;0.59;0.51
55871;ГРИЗЛИ 9 КАЛКАС;Минерална Вода Горна Баня 1.5л.;006098;73;0.63;
55871;ГРИЗЛИ 9 КАЛКАС;Моркови;001848;56;1.15;
55871;ГРИЗЛИ 9 КАЛКАС;Натурална Минерална Вода Велинград 1.5л.;000596;73;0.43;
55871;ГРИЗЛИ 9 КАЛКАС;Немско Масло Markenbutter 250гр.;001769;12;3.09;
55871;ГРИЗЛИ 9 КАЛКАС;Олио Калиакра 1л.;001864;42;2.04;
55871;ГРИЗЛИ 9 КАЛКАС;Паста за Зъби Colgate MaxWhite Charcoal 75мл.;006556;81;3.57;2.59
55871;ГРИЗЛИ 9 КАЛКАС;Паста за Зъби Colgate MaxWhite One 75мл.;001163;81;3.57;2.59
55871;ГРИЗЛИ 9 КАЛКАС;Пилешки Цял Бут Вланел;003125;17;3.29;
55871;ГРИЗЛИ 9 КАЛКАС;Прясно Мляко Mlekovita 3.2% 1л.;007647;6;1.29;
55871;ГРИЗЛИ 9 КАЛКАС;Розов домат;005885;54;3.2;
55871;ГРИЗЛИ 9 КАЛКАС;Сапун Teo 70гр.;630770;83;0.43;
55871;ГРИЗЛИ 9 КАЛКАС;Свински врат без кост Колбасо;002535;21;7.92;6.99
55871;ГРИЗЛИ 9 КАЛКАС;Сол ББТ 1 кг.;009383;39;0.61;
55871;ГРИЗЛИ 9 КАЛКАС;Тракийски Точени Кори 400гр.;004239;5;1.51;
55871;ГРИЗЛИ 9 КАЛКАС;Хляб Бял Церера 800гр.;010269;1;1.2;
55871;ГРИЗЛИ 9 КАЛКАС;Хляб Добруджа Лозана 500гр.;001483;2;0.79;
55871;ГРИЗЛИ 9 КАЛКАС;Хляб Добруджа Мио 650гр.;008868;2;0.86;
55871;ГРИЗЛИ 9 КАЛКАС;Хляб Добруджа Симид Нарязан 500гр.;002054;2;0.82;
55871;ГРИЗЛИ 9 КАЛКАС;Хляб Добруджа Симид Нарязан 830гр.;000184;2;1.18;
55871;ГРИЗЛИ 9 КАЛКАС;Хляб Типов Мио Здраве 600гр.;001049;4;0.86;
55871;ГРИЗЛИ 9 КАЛКАС;Хляб Типов Симид Нарязан 830гр.;008083;4;1.18;
55871;ГРИЗЛИ 9 КАЛКАС;Цигари Dunhill Blue;003417;78;4.2;
55871;ГРИЗЛИ 9 КАЛКАС;Цигари Dunhill Swiss Blend 100s;007178;78;4.2;
55871;ГРИЗЛИ 9 КАЛКАС;Цигари Dunhill Лилав;003213;78;4;
55871;ГРИЗЛИ 9 КАЛКАС;Цигари Dunhill Розов;003215;78;4;
55871;ГРИЗЛИ 9 КАЛКАС;Цигари L&M 100 Red;002331;78;3.5;
55871;ГРИЗЛИ 9 КАЛКАС;Цигари Marlboro Fine Touch XL;001599;78;3.6;
55871;ГРИЗЛИ 9 КАЛКАС;Цигари Marlboro Gold Touch;007328;78;3.6;
55871;ГРИЗЛИ 9 КАЛКАС;Цигари Parliament 100 Aqua Blue;006806;78;4.3;
55871;ГРИЗЛИ 9 КАЛКАС;Цигари Sobranie Refine Red 7.60лв.;002012;78;3.89;
55871;ГРИЗЛИ 9 КАЛКАС;Цигари Sobranie Slim Gold;004372;78;3.73;
55871;ГРИЗЛИ 9 КАЛКАС;Цигари Terea Russet;002883;78;3.5;
55871;ГРИЗЛИ 9 КАЛКАС;Цигари Terea Sienna;002882;78;3.5;
55871;ГРИЗЛИ 9 КАЛКАС;Цигари Terea Soft Fuse;002875;78;3.5;
55871;ГРИЗЛИ 9 КАЛКАС;Цигари Terea Teak;002850;78;3.5;
55871;ГРИЗЛИ 9 КАЛКАС;Цигари Terea Turquoise;002873;78;3.5;
55871;ГРИЗЛИ 9 КАЛКАС;Червена ябълка;010836;53;1.3;
55871;ГРИЗЛИ 9 КАЛКАС;Черни Маслини Услу;001591;62;4.09;
55871;ГРИЗЛИ 9 КАЛКАС;Чесън;001797;59;3.3;
55871;ГРИЗЛИ 9 КАЛКАС;Яйца М 5бр.;001949;31;1.05;
55871;ГРИЗЛИ 2 ПРОУЧВАНЕ;Банани;001314;52;1.82;
55871;ГРИЗЛИ 2 ПРОУЧВАНЕ;Билков Чай Bioset 20бр. 30гр.;003902;72;1.12;
55871;ГРИЗЛИ 2 ПРОУЧВАНЕ;Бира Zagorka 2л.;005611;74;1.58;1.29
55871;ГРИЗЛИ 2 ПРОУЧВАНЕ;Бира Ариана Светло 2.3л.;003366;74;1.59;1.28
55871;ГРИЗЛИ 2 ПРОУЧВАНЕ;Бира Бургаско Светло 2.3л.;003588;74;1.63;1.25
55871;ГРИЗЛИ 2 ПРОУЧВАНЕ;Бира Пиринско светло 2.3л.;006073;74;1.61;
55871;ГРИЗЛИ 2 ПРОУЧВАНЕ;Бисквити Житен Дар Обикновени 220гр.;001773;66;1.25;
55871;ГРИЗЛИ 2 ПРОУЧВАНЕ;Бисквити Роден край обикновени 120гр.;013365;66;0.74;
55871;ГРИЗЛИ 2 ПРОУЧВАНЕ;Бисквити Роден край обикновени 190гр.;013428;66;1.07;0.9
55871;ГРИЗЛИ 2 ПРОУЧВАНЕ;Брашно София Мел Екстра 1кг.;004600;41;1.1;
55871;ГРИЗЛИ 2 ПРОУЧВАНЕ;Бяло Вино Chardonnay Colombard Cycle 750мл.;000139;75;6.23;5.09
55871;ГРИЗЛИ 2 ПРОУЧВАНЕ;Бяло Вино Ethno 750мл.;005815;75;4.95;
55871;ГРИЗЛИ 2 ПРОУЧВАНЕ;Бяло Саламурено Краве Сирене Топила;004610;8;7.61;
55871;ГРИЗЛИ 2 ПРОУЧВАНЕ;Бяло Саламурено Сирене от Краве Мляко - ч-но обезмас Белииса;006828;8;7.26;
55871;ГРИЗЛИ 2 ПРОУЧВАНЕ;Бяло Саламурено Сирене от Краве Мляко Лудогорско;007315;8;6.21;
55871;ГРИЗЛИ 2 ПРОУЧВАНЕ;Бяло саламурено сирене Здравец от краве мляко;002552;8;8.94;7.59
55871;ГРИЗЛИ 2 ПРОУЧВАНЕ;Бяло саламурено сирене от краве мляко Булгарче;001526;8;7.11;
55871;ГРИЗЛИ 2 ПРОУЧВАНЕ;Домати;001310;54;2.86;
55871;ГРИЗЛИ 2 ПРОУЧВАНЕ;Домати Кубчета Консерва Фамилекс 400гр.;006614;48;1.12;0.99
55871;ГРИЗЛИ 2 ПРОУЧВАНЕ;Домашна Едросмляна Лютеница Deroni 520гр.;632234;49;4.22;3.39
55871;ГРИЗЛИ 2 ПРОУЧВАНЕ;Жълта ябълка;010837;53;1.75;
55871;ГРИЗЛИ 2 ПРОУЧВАНЕ;Захар Вучко 1кг.;009431;38;0.83;
55871;ГРИЗЛИ 2 ПРОУЧВАНЕ;Зеле прясно;002332;57;1.04;
55871;ГРИЗЛИ 2 ПРОУЧВАНЕ;Зелена Ябълка;002543;53;1.95;
55871;ГРИЗЛИ 2 ПРОУЧВАНЕ;Зряло Сирене Верея 200гр.;004957;9;3.16;
55871;ГРИЗЛИ 2 ПРОУЧВАНЕ;Зряло Сирене Верея 400гр.;002148;9;5.06;
55871;ГРИЗЛИ 2 ПРОУЧВАНЕ;Кайма Стандарт Сами - М;006600;25;6.28;
55871;ГРИЗЛИ 2 ПРОУЧВАНЕ;Кафе Nova Brasilia Класик Мляно 200гр.;009970;70;3.93;
55871;ГРИЗЛИ 2 ПРОУЧВАНЕ;Кашкавал Верея 200гр.;000935;11;3.73;
55871;ГРИЗЛИ 2 ПРОУЧВАНЕ;Кашкавал Лудогорие пита;000592;10;9.59;
55871;ГРИЗЛИ 2 ПРОУЧВАНЕ;Кашкавал Мургаш пита;004982;10;10.73;
55871;ГРИЗЛИ 2 ПРОУЧВАНЕ;Кашкавалена извара;005724;13;2.39;
55871;ГРИЗЛИ 2 ПРОУЧВАНЕ;Кисело Мляко Meggle 3.6% 400гр.;005654;7;0.85;0.75
55871;ГРИЗЛИ 2 ПРОУЧВАНЕ;Кисело Мляко Верея 2.9% 400гр.;004733;7;0.81;
55871;ГРИЗЛИ 2 ПРОУЧВАНЕ;Кисело Мляко Верея 3.6% 400гр.;013747;7;0.83;
55871;ГРИЗЛИ 2 ПРОУЧВАНЕ;Кисело Мляко Верея Чудно 2.5% 400гр.;000121;7;0.86;
55871;ГРИЗЛИ 2 ПРОУЧВАНЕ;Кисело Мляко Домлян 3.6% 500гр.;000496;7;0.92;
55871;ГРИЗЛИ 2 ПРОУЧВАНЕ;Кисело Мляко Земенея 2% 400гр.;009589;7;0.81;
55871;ГРИЗЛИ 2 ПРОУЧВАНЕ;Кисело Мляко Натурално Olympus 3.6%  400гр.;000747;7;0.86;0.79
55871;ГРИЗЛИ 2 ПРОУЧВАНЕ;"Кисело мляко ""Боженци"" 2.2%  400гр.";005139;7;0.84;0.65
55871;ГРИЗЛИ 2 ПРОУЧВАНЕ;Кисело мляко Булгарче гигант 2% 400гр.;001108;7;0.8;
55871;ГРИЗЛИ 2 ПРОУЧВАНЕ;Кисело мляко Булгарче гигант 3.6% 400гр.;005621;7;0.84;
55871;ГРИЗЛИ 2 ПРОУЧВАНЕ;Кисело мляко Верея 2% 400гр.;000265;7;0.77;
55871;ГРИЗЛИ 2 ПРОУЧВАНЕ;Кисело мляко Здравец 2% 500гр.;000426;7;0.85;
55871;ГРИЗЛИ 2 ПРОУЧВАНЕ;Кисело мляко Здравец 3.6% 500гр.;000393;7;0.92;0.83
55871;ГРИЗЛИ 2 ПРОУЧВАНЕ;Кисело мляко Народен дар 2% 400гр.;009561;7;0.66;
55871;ГРИЗЛИ 2 ПРОУЧВАНЕ;Краве Масло Белииса 83% 200гр.;006898;12;2.68;
55871;ГРИЗЛИ 2 ПРОУЧВАНЕ;Краве сирене Здравец 350гр.;000437;9;3.83;
55871;ГРИЗЛИ 2 ПРОУЧВАНЕ;Краставици;003515;58;2.69;
55871;ГРИЗЛИ 2 ПРОУЧВАНЕ;Кренвирш Деликатес Житница;003219;26;6.13;5.59
55871;ГРИЗЛИ 2 ПРОУЧВАНЕ;Кренвирш Кен;002565;26;6.26;4.89
55871;ГРИЗЛИ 2 ПРОУЧВАНЕ;Кренвирш Леки;001264;26;6.52;
55871;ГРИЗЛИ 2 ПРОУЧВАНЕ;Кренвирш Месокомбинат Брезник;000039;26;2.53;
55871;ГРИЗЛИ 2 ПРОУЧВАНЕ;Кренвирш Народен;008139;26;6.28;5.01
55871;ГРИЗЛИ 2 ПРОУЧВАНЕ;Кроасан 7 Days Super Max 110гр.;001839;67;1.07;
55871;ГРИЗЛИ 2 ПРОУЧВАНЕ;Кроасан Belino Double 80гр.;006808;67;0.64;
55871;ГРИЗЛИ 2 ПРОУЧВАНЕ;Кроасан Milka 50гр.;001384;67;0.99;
55871;ГРИЗЛИ 2 ПРОУЧВАНЕ;Кроасан Макс 7 Days 70/80/92гр.;000908;67;0.84;
55871;ГРИЗЛИ 2 ПРОУЧВАНЕ;Кромид лук;001311;55;0.79;
55871;ГРИЗЛИ 2 ПРОУЧВАНЕ;Лимон;001798;50;2.69;
55871;ГРИЗЛИ 2 ПРОУЧВАНЕ;Минерална Вода Devin 1.5л.;003761;73;0.52;
55871;ГРИЗЛИ 2 ПРОУЧВАНЕ;Минерална Вода Банкя 1.5л.;001471;73;0.59;0.51
55871;ГРИЗЛИ 2 ПРОУЧВАНЕ;Минерална Вода Горна Баня 1.5л.;006098;73;0.63;
55871;ГРИЗЛИ 2 ПРОУЧВАНЕ;Мокри Кърпи Renkli 100бр.;000467;84;1.48;1.29
55871;ГРИЗЛИ 2 ПРОУЧВАНЕ;Мокри Кърпи Renkli 120бр.;003124;84;1.68;
55871;ГРИЗЛИ 2 ПРОУЧВАНЕ;Моркови;001848;56;1.19;
55871;ГРИЗЛИ 2 ПРОУЧВАНЕ;Натурална Минерална Вода Велинград 1.5л.;000596;73;0.43;
55871;ГРИЗЛИ 2 ПРОУЧВАНЕ;Олио Калиакра 1л.;001864;42;2.04;
55871;ГРИЗЛИ 2 ПРОУЧВАНЕ;Олио Карина 1л.;011528;42;1.99;
55871;ГРИЗЛИ 2 ПРОУЧВАНЕ;Оцет Кулинар Винен 700мл.;631873;44;1.49;
55871;ГРИЗЛИ 2 ПРОУЧВАНЕ;Паста за Зъби Aquafresh Active Fresh 125мл.;006768;81;2.24;
55871;ГРИЗЛИ 2 ПРОУЧВАНЕ;Пилешки Цял Бут Вланел;003125;17;3.29;
55871;ГРИЗЛИ 2 ПРОУЧВАНЕ;Пилешко Филе Вланел;001451;16;7.99;
55871;ГРИЗЛИ 2 ПРОУЧВАНЕ;Плодово Пюре Ganchev 190гр.;630214;64;1.02;
55871;ГРИЗЛИ 2 ПРОУЧВАНЕ;Портокали;002960;51;1.85;
55871;ГРИЗЛИ 2 ПРОУЧВАНЕ;Прясно Мляко Mlekovita 3.2% 1л.;007647;6;1.29;
55871;ГРИЗЛИ 2 ПРОУЧВАНЕ;Прясно мляко Белииса 3.2% 1л.;000398;6;1.66;1.45
55871;ГРИЗЛИ 2 ПРОУЧВАНЕ;Риба Скумрия Цяла;003120;29;5.45;
55871;ГРИЗЛИ 2 ПРОУЧВАНЕ;Розов домат;005885;54;3.25;
55871;ГРИЗЛИ 2 ПРОУЧВАНЕ;Сапун Dove 90гр.;633016;83;1.07;
55871;ГРИЗЛИ 2 ПРОУЧВАНЕ;Сапун Super Max Teo 140гр.;011776;83;0.81;
55871;ГРИЗЛИ 2 ПРОУЧВАНЕ;Сапун Teo Bebe 75гр.;004551;83;0.79;
55871;ГРИЗЛИ 2 ПРОУЧВАНЕ;Сапуни Safeguard 90гр.;001560;83;1.07;
55871;ГРИЗЛИ 2 ПРОУЧВАНЕ;Свински бут без кост Колбасо;008455;19;6.74;
55871;ГРИЗЛИ 2 ПРОУЧВАНЕ;Свински врат с кост Колбасо;008454;21;6.8;
55871;ГРИЗЛИ 2 ПРОУЧВАНЕ;Сирене Мургаш 400гр.;003083;9;4.85;
55871;ГРИЗЛИ 2 ПРОУЧВАНЕ;Спагети Stella №6 500гр.;002544;37;1.48;
55871;ГРИЗЛИ 2 ПРОУЧВАНЕ;Тоалетна Хартия Milde 8бр.;005012;85;4.32;3.39
55871;ГРИЗЛИ 2 ПРОУЧВАНЕ;Точени Кори Фамилия 500гр.;631020;5;2.09;
55871;ГРИЗЛИ 2 ПРОУЧВАНЕ;Хляб Бял Мио 830гр.;006512;1;1;
55871;ГРИЗЛИ 2 ПРОУЧВАНЕ;Хляб Бял Симид Нарязан 500гр.;002129;1;0.82;
55871;ГРИЗЛИ 2 ПРОУЧВАНЕ;Хляб Бял Церера 800гр.;010269;1;1.2;
55871;ГРИЗЛИ 2 ПРОУЧВАНЕ;Хляб Добруджа Мио 650гр.;008868;2;0.86;
55871;ГРИЗЛИ 2 ПРОУЧВАНЕ;Хляб Добруджа Мио 830гр.;006452;2;1;
55871;ГРИЗЛИ 2 ПРОУЧВАНЕ;Хляб Добруджа Симид Нарязан 500гр.;002054;2;0.82;
55871;ГРИЗЛИ 2 ПРОУЧВАНЕ;Хляб Добруджа Симид Нарязан 830гр.;000184;2;1.18;
55871;ГРИЗЛИ 2 ПРОУЧВАНЕ;Хляб Добруджа Церера 800гр.;010273;2;1.2;
55871;ГРИЗЛИ 2 ПРОУЧВАНЕ;Хляб Типов Мио Здраве 600гр.;001049;4;0.86;
55871;ГРИЗЛИ 2 ПРОУЧВАНЕ;Хляб Типов Симид Нарязан 830гр.;008083;4;1.18;
55871;ГРИЗЛИ 2 ПРОУЧВАНЕ;Цигари Dunhill Blue;003417;78;4.2;
55871;ГРИЗЛИ 2 ПРОУЧВАНЕ;Цигари Dunhill Swiss Blend 100s;007178;78;4.2;
55871;ГРИЗЛИ 2 ПРОУЧВАНЕ;Цигари Dunhill Switch Slim rose;006176;78;4.3;
55871;ГРИЗЛИ 2 ПРОУЧВАНЕ;Цигари Dunhill Лилав;003213;78;4;
55871;ГРИЗЛИ 2 ПРОУЧВАНЕ;Цигари Dunhill Розов;003215;78;4;
55871;ГРИЗЛИ 2 ПРОУЧВАНЕ;Цигари Dunhill Тюркоаз;007248;78;3.73;
55871;ГРИЗЛИ 2 ПРОУЧВАНЕ;Цигари King Red 6.00лв.;001374;78;3.07;
55871;ГРИЗЛИ 2 ПРОУЧВАНЕ;Цигари L&M 100 Red;002331;78;3.5;
55871;ГРИЗЛИ 2 ПРОУЧВАНЕ;Цигари Lucky Strike Longer Demi;000980;78;3.63;
55871;ГРИЗЛИ 2 ПРОУЧВАНЕ;Цигари Marlboro 100 Red;004058;78;3.37;
55871;ГРИЗЛИ 2 ПРОУЧВАНЕ;Цигари Marlboro Fine Touch;002822;78;3.43;
55871;ГРИЗЛИ 2 ПРОУЧВАНЕ;Цигари Marlboro Fine Touch XL;001599;78;3.6;
55871;ГРИЗЛИ 2 ПРОУЧВАНЕ;Цигари Muratti Slim Silver;006201;78;3.6;
55871;ГРИЗЛИ 2 ПРОУЧВАНЕ;Цигари Parliament 100 Aqua Blue;006806;78;4.3;
55871;ГРИЗЛИ 2 ПРОУЧВАНЕ;Цигари Rothmans Classic Blue 100s`;001196;78;3.3;
55871;ГРИЗЛИ 2 ПРОУЧВАНЕ;Цигари Rothmans Silver 100;001822;78;3.8;
55871;ГРИЗЛИ 2 ПРОУЧВАНЕ;Цигари Sobranie Refine Red 7.60лв.;002012;78;4.1;
55871;ГРИЗЛИ 2 ПРОУЧВАНЕ;Цигари Sobranie Slim Black;004392;78;3.9;
55871;ГРИЗЛИ 2 ПРОУЧВАНЕ;Цигари Sobranie Slim Gold;004372;78;3.73;
55871;ГРИЗЛИ 2 ПРОУЧВАНЕ;Цигари Terea Bronze;002887;78;3.5;
55871;ГРИЗЛИ 2 ПРОУЧВАНЕ;Цигари Terea Russet;002883;78;3.5;
55871;ГРИЗЛИ 2 ПРОУЧВАНЕ;Цигари Terea Sienna;002882;78;3.5;
55871;ГРИЗЛИ 2 ПРОУЧВАНЕ;Цигари Terea Silver;004665;78;3.5;
55871;ГРИЗЛИ 2 ПРОУЧВАНЕ;Цигари Terea Teak;002850;78;3.5;
55871;ГРИЗЛИ 2 ПРОУЧВАНЕ;Цигари Terea Turquoise;002873;78;3.5;
55871;ГРИЗЛИ 2 ПРОУЧВАНЕ;Цигари Terea Yellow;002864;78;3.5;
55871;ГРИЗЛИ 2 ПРОУЧВАНЕ;Червена ябълка;010836;53;1.35;
55871;ГРИЗЛИ 2 ПРОУЧВАНЕ;Черни Маслини Услу;001591;62;4.09;
55871;ГРИЗЛИ 2 ПРОУЧВАНЕ;Чесън;001797;59;3.35;
55871;ГРИЗЛИ 2 ПРОУЧВАНЕ;Шоколад Lindt Млечен 100гр.;003045;69;3.45;
55871;ГРИЗЛИ 2 ПРОУЧВАНЕ;Шоколад Млечен 80гр.;005224;69;1.43;1.09
55871;ГРИЗЛИ 2 ПРОУЧВАНЕ;Шоколад Млечен с Ядки и Стафиди 80гр.;630279;69;1.43;1.09
55871;ГРИЗЛИ 2 ПРОУЧВАНЕ;Яйца М 5бр.;001949;31;1.05;
55871;ГРИЗЛИ 5 ЦЪРКВА;Бабина Едросмляна Лютеница Олинеза 515гр.;001406;49;3.81;
55871;ГРИЗЛИ 5 ЦЪРКВА;Банани;001314;52;2.09;
55871;ГРИЗЛИ 5 ЦЪРКВА;Билков Чай Bioset 20бр. 30гр.;003902;72;1.12;
55871;ГРИЗЛИ 5 ЦЪРКВА;Бира Zagorka 2л.;005611;74;1.58;1.29
55871;ГРИЗЛИ 5 ЦЪРКВА;Бира Ариана Светло 2.3л.;003366;74;1.59;1.28
55871;ГРИЗЛИ 5 ЦЪРКВА;Бира Бургаско Светло 2.3л.;003588;74;1.63;1.25
55871;ГРИЗЛИ 5 ЦЪРКВА;Бира Пиринско светло 2.3л.;006073;74;1.61;
55871;ГРИЗЛИ 5 ЦЪРКВА;Бира Шуменско светло 2.2л.;003587;74;1.66;1.37
55871;ГРИЗЛИ 5 ЦЪРКВА;Бисквити Роден край обикновени 120гр.;013365;66;0.74;
55871;ГРИЗЛИ 5 ЦЪРКВА;Бисквити Роден край обикновени 190гр.;013428;66;1.07;0.9
55871;ГРИЗЛИ 5 ЦЪРКВА;Брашно София Мел Тип 500 1кг.;000972;40;1.05;
55871;ГРИЗЛИ 5 ЦЪРКВА;Бяло Вино Villa Yambol Chardonnay 750мл.;000155;75;4.79;
55871;ГРИЗЛИ 5 ЦЪРКВА;Бяло Саламурено Краве Сирене Ком;004779;8;10.22;
55871;ГРИЗЛИ 5 ЦЪРКВА;Бяло Саламурено Краве Сирене Топила;004610;8;7.61;
55871;ГРИЗЛИ 5 ЦЪРКВА;Бяло Саламурено Сирене от Краве Мляко - ч-но обезмас Белииса;006828;8;7.26;
55871;ГРИЗЛИ 5 ЦЪРКВА;Бяло Саламурено Сирене от Краве Мляко Лудогорско;007315;8;6.21;
55871;ГРИЗЛИ 5 ЦЪРКВА;Бяло саламурено сирене Здравец от краве мляко;002552;8;8.94;7.59
55871;ГРИЗЛИ 5 ЦЪРКВА;Бяло саламурено сирене от краве мляко Булгарче;001526;8;7.11;
55871;ГРИЗЛИ 5 ЦЪРКВА;Бяло саламурено сирене от краве мляко Морава;005357;8;5.77;
55871;ГРИЗЛИ 5 ЦЪРКВА;Веро Ехо 400мл.;000656;79;1.22;
55871;ГРИЗЛИ 5 ЦЪРКВА;Гъби кг;003640;60;4.19;
55871;ГРИЗЛИ 5 ЦЪРКВА;Детска лютеница Олинезко 520гр.;002913;49;3.01;
55871;ГРИЗЛИ 5 ЦЪРКВА;Домати;001310;54;2.85;
55871;ГРИЗЛИ 5 ЦЪРКВА;Домашна Едросмляна Лютеница Deroni 520гр.;632234;49;4.22;3.39
55871;ГРИЗЛИ 5 ЦЪРКВА;Жълта ябълка;010837;53;1.99;
55871;ГРИЗЛИ 5 ЦЪРКВА;Захар Вучко 1кг.;009431;38;0.83;
55871;ГРИЗЛИ 5 ЦЪРКВА;Зеле прясно;002332;57;0.99;
55871;ГРИЗЛИ 5 ЦЪРКВА;Извара Olympus 400гр.;005897;14;2.17;
55871;ГРИЗЛИ 5 ЦЪРКВА;Кайма Стандарт Сами - М;006600;25;6.28;
55871;ГРИЗЛИ 5 ЦЪРКВА;Картоф;001313;61;0.55;
55871;ГРИЗЛИ 5 ЦЪРКВА;Картоф;001313;61;0.6;
55871;ГРИЗЛИ 5 ЦЪРКВА;Кафе Nova Brasilia Класик Мляно 200гр.;009970;70;3.93;
55871;ГРИЗЛИ 5 ЦЪРКВА;Кафе Nova Brasilia на Зърна 900гр.;000977;71;17.38;
55871;ГРИЗЛИ 5 ЦЪРКВА;Кашкавал Белииса 200гр.;005465;11;3.01;
55871;ГРИЗЛИ 5 ЦЪРКВА;Кашкавал Лудогорие пита;000592;10;9.59;
55871;ГРИЗЛИ 5 ЦЪРКВА;Кашкавал Мургаш 200гр.;001621;11;3.16;
55871;ГРИЗЛИ 5 ЦЪРКВА;Кашкавал Мургаш пита;004982;10;10.73;
55871;ГРИЗЛИ 5 ЦЪРКВА;Кашкавалена извара;005724;13;2.39;
55871;ГРИЗЛИ 5 ЦЪРКВА;Кисело Мляко Meggle 3.6% 400гр.;005654;7;0.85;0.75
55871;ГРИЗЛИ 5 ЦЪРКВА;Кисело Мляко Верея 2.9% 400гр.;004733;7;0.81;
55871;ГРИЗЛИ 5 ЦЪРКВА;Кисело Мляко Верея 3.6% 400гр.;013747;7;0.83;
55871;ГРИЗЛИ 5 ЦЪРКВА;Кисело Мляко Домлян 3.6% 500гр.;000496;7;0.92;
55871;ГРИЗЛИ 5 ЦЪРКВА;Кисело Мляко Земенея 2% 400гр.;009589;7;0.81;
55871;ГРИЗЛИ 5 ЦЪРКВА;Кисело Мляко Натурално Olympus 3.6%  400гр.;000747;7;0.86;0.79
55871;ГРИЗЛИ 5 ЦЪРКВА;"Кисело мляко ""Боженци"" 2.2%  400гр.";005139;7;0.84;0.65
55871;ГРИЗЛИ 5 ЦЪРКВА;Кисело мляко Булгарче гигант 2% 400гр.;001108;7;0.8;
55871;ГРИЗЛИ 5 ЦЪРКВА;Кисело мляко Верея 2% 400гр.;000265;7;0.77;
55871;ГРИЗЛИ 5 ЦЪРКВА;Кисело мляко Здравец 2% 500гр.;000426;7;0.85;
55871;ГРИЗЛИ 5 ЦЪРКВА;Кисело мляко Здравец 3.6% 500гр.;000393;7;0.92;0.83
55871;ГРИЗЛИ 5 ЦЪРКВА;Краве Масло Белииса 83% 200гр.;006898;12;2.68;
55871;ГРИЗЛИ 5 ЦЪРКВА;Краве Сирене Земенея;005546;8;9.2;
55871;ГРИЗЛИ 5 ЦЪРКВА;Краставици;003515;58;2.99;
55871;ГРИЗЛИ 5 ЦЪРКВА;Кренвирш Бони насипен;003500;26;5.62;
55871;ГРИЗЛИ 5 ЦЪРКВА;Кренвирш Деликатес Житница;003219;26;6.13;5.59
55871;ГРИЗЛИ 5 ЦЪРКВА;Кренвирш Кен;002565;26;6.26;4.89
55871;ГРИЗЛИ 5 ЦЪРКВА;Кренвирш Месокомбинат Брезник;000039;26;2.53;
55871;ГРИЗЛИ 5 ЦЪРКВА;Кренвирш Народен;008139;26;6.28;5.01
55871;ГРИЗЛИ 5 ЦЪРКВА;Кроасан 7 Days Super Max 110гр.;001839;67;1.07;
55871;ГРИЗЛИ 5 ЦЪРКВА;Кроасан Milka 50гр.;001384;67;0.99;
55871;ГРИЗЛИ 5 ЦЪРКВА;Кроасан Макс 7 Days 70/80/92гр.;000908;67;0.84;
55871;ГРИЗЛИ 5 ЦЪРКВА;Кроасани Belino 80гр.;007238;67;0.64;
55871;ГРИЗЛИ 5 ЦЪРКВА;Кромид лук;001311;55;0.81;
55871;ГРИЗЛИ 5 ЦЪРКВА;Лимон;001798;50;3.09;
55871;ГРИЗЛИ 5 ЦЪРКВА;Лютеница Петел Deroni 575гр.;000610;49;1.94;
55871;ГРИЗЛИ 5 ЦЪРКВА;Макаронени Охлюви Кръстев 400гр.;006548;36;0.64;
55871;ГРИЗЛИ 5 ЦЪРКВА;Макарони Deroni 400гр.;000323;36;1.07;
55871;ГРИЗЛИ 5 ЦЪРКВА;Маслини черни без костилка Алтънбар;001404;62;4.95;
55871;ГРИЗЛИ 5 ЦЪРКВА;Масло Верея 125гр.;013308;12;2.5;
55871;ГРИЗЛИ 5 ЦЪРКВА;Месно Пюре Ganchev 190гр.;630216;64;1.22;
55871;ГРИЗЛИ 5 ЦЪРКВА;Минерална Вода Devin 1.5л.;003761;73;0.52;
55871;ГРИЗЛИ 5 ЦЪРКВА;Минерална Вода Банкя 1.5л.;001471;73;0.59;0.51
55871;ГРИЗЛИ 5 ЦЪРКВА;Минерална Вода Горна Баня 1.5л.;006098;73;0.63;
55871;ГРИЗЛИ 5 ЦЪРКВА;Млечна Каша Ganchev 190гр.;634033;63;1.07;
55871;ГРИЗЛИ 5 ЦЪРКВА;Мокри Кърпи Pufies 64бр.;006090;84;1.46;
55871;ГРИЗЛИ 5 ЦЪРКВА;Мокри Кърпи Renkli 100бр.;000467;84;1.48;1.29
55871;ГРИЗЛИ 5 ЦЪРКВА;Моркови;001848;56;1.15;
55871;ГРИЗЛИ 5 ЦЪРКВА;Немско Масло Markenbutter 250гр.;001769;12;3.09;
55871;ГРИЗЛИ 5 ЦЪРКВА;Олио Калиакра 1л.;001864;42;2.04;
55871;ГРИЗЛИ 5 ЦЪРКВА;Олио Карина 1л.;011528;42;1.99;
55871;ГРИЗЛИ 5 ЦЪРКВА;Оцет Кулинар Винен 700мл.;631873;44;1.49;
55871;ГРИЗЛИ 5 ЦЪРКВА;Паста за Зъби Aquafresh Fresh&Minty 125мл.;001242;81;2.24;
55871;ГРИЗЛИ 5 ЦЪРКВА;Паста за Зъби Colgate MaxWhite One 75мл.;001163;81;3.57;2.59
55871;ГРИЗЛИ 5 ЦЪРКВА;Пилешки Цял Бут Вланел;003125;17;3.29;
55871;ГРИЗЛИ 5 ЦЪРКВА;Пилешко Филе Вланел;001451;16;7.99;
55871;ГРИЗЛИ 5 ЦЪРКВА;Плодово Пюре Ganchev 190гр.;630214;64;1.02;
55871;ГРИЗЛИ 5 ЦЪРКВА;Портокали;002960;51;2.43;
55871;ГРИЗЛИ 5 ЦЪРКВА;Прясно мляко Белииса 3.2% 1л.;000398;6;1.66;1.45
55871;ГРИЗЛИ 5 ЦЪРКВА;Ракия Поморийска Мускатова 700мл.;000841;77;10.59;
55871;ГРИЗЛИ 5 ЦЪРКВА;Ракия Поморийска Обикновена 700мл.;000840;77;8.29;
55871;ГРИЗЛИ 5 ЦЪРКВА;Розов домат;005885;54;3.89;
55871;ГРИЗЛИ 5 ЦЪРКВА;Сапун Dove 90гр.;633016;83;1.07;
55871;ГРИЗЛИ 5 ЦЪРКВА;Сапун Harmony 150гр.;005874;83;0.86;
55871;ГРИЗЛИ 5 ЦЪРКВА;Сапун Rubis 140гр.;003354;83;0.8;
55871;ГРИЗЛИ 5 ЦЪРКВА;Сапун Super Max Teo 140гр.;011776;83;0.81;
55871;ГРИЗЛИ 5 ЦЪРКВА;Сапун Teo 70гр.;630770;83;0.43;
55871;ГРИЗЛИ 5 ЦЪРКВА;Сапун Teo Bebe 75гр.;004551;83;0.79;
55871;ГРИЗЛИ 5 ЦЪРКВА;Сапун Teo Tete-a-tete 90/100гр.;630786;83;0.69;
55871;ГРИЗЛИ 5 ЦЪРКВА;Сапуни Safeguard 90гр.;001560;83;1.07;
55871;ГРИЗЛИ 5 ЦЪРКВА;Свинска Плешка без Кост;004591;18;4.8;
55871;ГРИЗЛИ 5 ЦЪРКВА;Свински бут без кост Колбасо;008455;19;6.74;
55871;ГРИЗЛИ 5 ЦЪРКВА;Свински врат без кост Колбасо;002535;21;7.92;6.99
55871;ГРИЗЛИ 5 ЦЪРКВА;Сол Фамилекс 1кг.;006620;39;0.54;
55871;ГРИЗЛИ 5 ЦЪРКВА;Точени Кори Класик/Баклава Белла 400гр.;001742;5;1.84;
55871;ГРИЗЛИ 5 ЦЪРКВА;Тракийски Точени Кори 400гр.;004239;5;1.51;
55871;ГРИЗЛИ 5 ЦЪРКВА;Хляб Бял Лозана Нарязан 830гр.;007284;1;1;
55871;ГРИЗЛИ 5 ЦЪРКВА;Хляб Бял Симид Нарязан 500гр.;002129;1;0.82;
55871;ГРИЗЛИ 5 ЦЪРКВА;Хляб Бял Церера 800гр.;010269;1;1.2;
55871;ГРИЗЛИ 5 ЦЪРКВА;Хляб Добруджа Лозана 500гр.;001483;2;0.79;
55871;ГРИЗЛИ 5 ЦЪРКВА;Хляб Добруджа Мио 650гр.;008868;2;0.86;
55871;ГРИЗЛИ 5 ЦЪРКВА;Хляб Добруджа Симид Нарязан 500гр.;002054;2;0.82;
55871;ГРИЗЛИ 5 ЦЪРКВА;Хляб Добруджа Симид Нарязан 830гр.;000184;2;1.18;
55871;ГРИЗЛИ 5 ЦЪРКВА;Хляб Добруджа Церера 800гр.;010273;2;1.2;
55871;ГРИЗЛИ 5 ЦЪРКВА;Хляб Типов Мио Здраве 600гр.;001049;4;0.86;
55871;ГРИЗЛИ 5 ЦЪРКВА;Хляб Типов Церера 700гр.;010598;4;1.17;
55871;ГРИЗЛИ 5 ЦЪРКВА;Цигари Dunhill Blue;003417;78;4.2;
55871;ГРИЗЛИ 5 ЦЪРКВА;Цигари Dunhill Swiss Blend 100s;007178;78;4.2;
55871;ГРИЗЛИ 5 ЦЪРКВА;Цигари Dunhill Switch Slim rose;006176;78;4.3;
55871;ГРИЗЛИ 5 ЦЪРКВА;Цигари Dunhill Тюркоаз;007248;78;3.73;
55871;ГРИЗЛИ 5 ЦЪРКВА;Цигари L&M 100 Red;002331;78;3.5;
55871;ГРИЗЛИ 5 ЦЪРКВА;Цигари L&M 100 blue;002307;78;3.5;
55871;ГРИЗЛИ 5 ЦЪРКВА;Цигари Marlboro 100 Red;004058;78;3.9;
55871;ГРИЗЛИ 5 ЦЪРКВА;Цигари Marlboro Fine Touch XL;001599;78;3.6;
55871;ГРИЗЛИ 5 ЦЪРКВА;Цигари Marlboro Gold Touch;007328;78;3.43;
55871;ГРИЗЛИ 5 ЦЪРКВА;Цигари Marlboro Red;000613;78;3.9;
55871;ГРИЗЛИ 5 ЦЪРКВА;Цигари Parliament 100 Aqua Blue;006806;78;4.3;
55871;ГРИЗЛИ 5 ЦЪРКВА;Цигари Rothmans Blue 6.40лв.;001189;78;3.27;
55871;ГРИЗЛИ 5 ЦЪРКВА;Цигари Rothmans Classic Blue 100s`;001196;78;3.3;
55871;ГРИЗЛИ 5 ЦЪРКВА;Цигари Rothmans KS White 86's;002515;78;3.5;
55871;ГРИЗЛИ 5 ЦЪРКВА;Цигари Rothmans Slims Blue Black;000308;78;3.8;
55871;ГРИЗЛИ 5 ЦЪРКВА;Цигари Sobranie Slim Black;004392;78;3.9;
55871;ГРИЗЛИ 5 ЦЪРКВА;Цигари Sobranie Slim Gold;004372;78;3.73;
55871;ГРИЗЛИ 5 ЦЪРКВА;Цигари Terea Bronze;002887;78;3.5;
55871;ГРИЗЛИ 5 ЦЪРКВА;Цигари Terea Silver;004665;78;3.5;
55871;ГРИЗЛИ 5 ЦЪРКВА;Цигари Terea Soft Fuse;002875;78;3.5;
55871;ГРИЗЛИ 5 ЦЪРКВА;Цигари Terea Teak;002850;78;3.5;
55871;ГРИЗЛИ 5 ЦЪРКВА;Цигари Terea Turquoise;002873;78;3.5;
55871;ГРИЗЛИ 5 ЦЪРКВА;Цигари Terea Yellow;002864;78;3.5;
55871;ГРИЗЛИ 5 ЦЪРКВА;Червена ябълка;010836;53;1.49;
55871;ГРИЗЛИ 5 ЦЪРКВА;Червено Вино Cabernet Sophia 750мл.;010253;76;2.59;
55871;ГРИЗЛИ 5 ЦЪРКВА;Черни Маслини 70/90;634027;62;5.75;
55871;ГРИЗЛИ 5 ЦЪРКВА;Чесън;001797;59;4.45;
55871;ГРИЗЛИ 5 ЦЪРКВА;Шампоан Teo 350мл.;004915;82;1.68;
55871;ГРИЗЛИ 5 ЦЪРКВА;Шоколад Млечен 80гр.;005224;69;1.43;1.09
55871;ГРИЗЛИ 5 ЦЪРКВА;Шоколад Млечен с Ядки и Стафиди 80гр.;630279;69;1.43;1.09
55871;ГРИЗЛИ 5 ЦЪРКВА;Яйца М 5бр.;001949;31;1.05;
