Населено място,Търговски обект,Наименование на продукта,Код на продукта,Категория,Цена на дребно,Цена в промоция
02796,м-н КООП с. Басарбово,ХЛЯБ РКС 500 ГР. ФАВОРИТ,12002,1,0.66,0
07231,м-н КООП с. Бъзън,ХЛЯБ РКС 500 ГР. ФАВОРИТ,12002,1,0.66,0
56397,м-н КООП с. Пиргово,ХЛЯБ РКС 500 ГР. ФАВОРИТ,12002,1,0.66,0
65509,м-н КООП с. Сваленик,ХЛЯБ РКС 500 ГР. ФАВОРИТ,12002,1,0.66,0
66158,м-н КООП с. Семерджиево,ХЛЯБ РКС 500 ГР. ФАВОРИТ,12002,1,0.66,0
73362,м-н КООП с. Тръстеник,ХЛЯБ РКС 500 ГР. ФАВОРИТ,12002,1,0.66,0
80460,м-н КООП с. Червена вода,ХЛЯБ РКС 500 ГР. ФАВОРИТ,12002,1,0.66,0
63427,м-н КООП гр. Русе,ХЛЯБ РКС 500 ГР. ФАВОРИТ,12002,1,0.66,0
02796,м-н КООП с. Басарбово,ХЛЯБ ДОБРУДЖА ДЕНИСЛАВ 500 ГР.,17689,2,0.81,0
07231,м-н КООП с. Бъзън,ХЛЯБ ДОБРУДЖА ДЕНИСЛАВ 500 ГР.,17689,2,0.81,0
56397,м-н КООП с. Пиргово,ХЛЯБ ДОБРУДЖА ДЕНИСЛАВ 500 ГР.,17689,2,0.81,0
65509,м-н КООП с. Сваленик,ХЛЯБ ДОБРУДЖА ДЕНИСЛАВ 500 ГР.,17689,2,0.81,0
66158,м-н КООП с. Семерджиево,ХЛЯБ ДОБРУДЖА ДЕНИСЛАВ 500 ГР.,17689,2,0.81,0
73362,м-н КООП с. Тръстеник,ХЛЯБ ДОБРУДЖА ДЕНИСЛАВ 500 ГР.,17689,2,0.81,0
80460,м-н КООП с. Червена вода,ХЛЯБ ДОБРУДЖА ДЕНИСЛАВ 500 ГР.,17689,2,0.81,0
63427,м-н КООП гр. Русе,ХЛЯБ ДОБРУДЖА ДЕНИСЛАВ 500 ГР.,17689,2,0.81,0
02796,м-н КООП с. Басарбово,РЪЖЕН ХЛЯБ С КВАС И СЕМЕНА 500 ГР. ФАВОРИТ,15949,3,1.22,0
07231,м-н КООП с. Бъзън,РЪЖЕН ХЛЯБ С КВАС И СЕМЕНА 500 ГР. ФАВОРИТ,15949,3,1.22,0
56397,м-н КООП с. Пиргово,РЪЖЕН ХЛЯБ С КВАС И СЕМЕНА 500 ГР. ФАВОРИТ,15949,3,1.22,0
65509,м-н КООП с. Сваленик,РЪЖЕН ХЛЯБ С КВАС И СЕМЕНА 500 ГР. ФАВОРИТ,15949,3,1.22,0
66158,м-н КООП с. Семерджиево,РЪЖЕН ХЛЯБ С КВАС И СЕМЕНА 500 ГР. ФАВОРИТ,15949,3,1.22,0
73362,м-н КООП с. Тръстеник,РЪЖЕН ХЛЯБ С КВАС И СЕМЕНА 500 ГР. ФАВОРИТ,15949,3,1.22,0
80460,м-н КООП с. Червена вода,РЪЖЕН ХЛЯБ С КВАС И СЕМЕНА 500 ГР. ФАВОРИТ,15949,3,1.22,0
63427,м-н КООП гр. Русе,РЪЖЕН ХЛЯБ С КВАС И СЕМЕНА 500 ГР. ФАВОРИТ,15949,3,1.22,0
02796,м-н КООП с. Басарбово,ТИПОВ ХЛЯБ 500 ГР. ФАВОРИТ,56,4,0.97,0
07231,м-н КООП с. Бъзън,ТИПОВ ХЛЯБ 500 ГР. ФАВОРИТ,56,4,0.97,0
56397,м-н КООП с. Пиргово,ТИПОВ ХЛЯБ 500 ГР. ФАВОРИТ,56,4,0.97,0
65509,м-н КООП с. Сваленик,ТИПОВ ХЛЯБ 500 ГР. ФАВОРИТ,56,4,0.97,0
66158,м-н КООП с. Семерджиево,ТИПОВ ХЛЯБ 500 ГР. ФАВОРИТ,56,4,0.97,0
73362,м-н КООП с. Тръстеник,ТИПОВ ХЛЯБ 500 ГР. ФАВОРИТ,56,4,0.97,0
80460,м-н КООП с. Червена вода,ТИПОВ ХЛЯБ 500 ГР. ФАВОРИТ,56,4,0.97,0
63427,м-н КООП гр. Русе,ТИПОВ ХЛЯБ 500 ГР. ФАВОРИТ,56,4,0.97,0
02796,м-н КООП с. Басарбово,ФИНИ ТОЧЕНИ КОРИ ФАМИЛИЯ 500 ГР.,318,5,1.94,0
07231,м-н КООП с. Бъзън,ФИНИ ТОЧЕНИ КОРИ ФАМИЛИЯ 500 ГР.,318,5,1.94,0
56397,м-н КООП с. Пиргово,ФИНИ ТОЧЕНИ КОРИ ФАМИЛИЯ 500 ГР.,318,5,1.94,0
65509,м-н КООП с. Сваленик,ФИНИ ТОЧЕНИ КОРИ ФАМИЛИЯ 500 ГР.,318,5,1.94,0
66158,м-н КООП с. Семерджиево,ФИНИ ТОЧЕНИ КОРИ ФАМИЛИЯ 500 ГР.,318,5,1.94,0
73362,м-н КООП с. Тръстеник,ФИНИ ТОЧЕНИ КОРИ ФАМИЛИЯ 500 ГР.,318,5,1.94,0
80460,м-н КООП с. Червена вода,ФИНИ ТОЧЕНИ КОРИ ФАМИЛИЯ 500 ГР.,318,5,1.94,0
63427,м-н КООП гр. Русе,ФИНИ ТОЧЕНИ КОРИ ФАМИЛИЯ 500 ГР.,318,5,1.94,0
02796,м-н КООП с. Басарбово,ПРЯСНО МЛЯКО СЕМЕРДЖИЕВО 3.6% 1 Л.,22934,6,1.87,0
07231,м-н КООП с. Бъзън,ПРЯСНО МЛЯКО СЕМЕРДЖИЕВО 3.6% 1 Л.,22934,6,1.87,0
56397,м-н КООП с. Пиргово,ПРЯСНО МЛЯКО СЕМЕРДЖИЕВО 3.6% 1 Л.,22934,6,1.87,0
65509,м-н КООП с. Сваленик,ПРЯСНО МЛЯКО СЕМЕРДЖИЕВО 3.6% 1 Л.,22934,6,1.87,0
66158,м-н КООП с. Семерджиево,ПРЯСНО МЛЯКО СЕМЕРДЖИЕВО 3.6% 1 Л.,22934,6,1.87,0
73362,м-н КООП с. Тръстеник,ПРЯСНО МЛЯКО СЕМЕРДЖИЕВО 3.6% 1 Л.,22934,6,1.87,0
80460,м-н КООП с. Червена вода,ПРЯСНО МЛЯКО СЕМЕРДЖИЕВО 3.6% 1 Л.,22934,6,1.87,0
63427,м-н КООП гр. Русе,ПРЯСНО МЛЯКО СЕМЕРДЖИЕВО 3.6% 1 Л.,22934,6,1.87,0
02796,м-н КООП с. Басарбово,КИСЕЛО МЛЯКО ЕЛЕНА 2% 400 ГР.,7277,7,0.84,0
07231,м-н КООП с. Бъзън,КИСЕЛО МЛЯКО ЕЛЕНА 2% 400 ГР.,7277,7,0.84,0
56397,м-н КООП с. Пиргово,КИСЕЛО МЛЯКО ЕЛЕНА 2% 400 ГР.,7277,7,0.84,0
65509,м-н КООП с. Сваленик,КИСЕЛО МЛЯКО ЕЛЕНА 2% 400 ГР.,7277,7,0.84,0
66158,м-н КООП с. Семерджиево,КИСЕЛО МЛЯКО ЕЛЕНА 2% 400 ГР.,7277,7,0.84,0
73362,м-н КООП с. Тръстеник,КИСЕЛО МЛЯКО ЕЛЕНА 2% 400 ГР.,7277,7,0.84,0
80460,м-н КООП с. Червена вода,КИСЕЛО МЛЯКО ЕЛЕНА 2% 400 ГР.,7277,7,0.84,0
63427,м-н КООП гр. Русе,КИСЕЛО МЛЯКО ЕЛЕНА 2% 400 ГР.,7277,7,0.84,0
02796,м-н КООП с. Басарбово,САЯНА КРАВЕ СИРЕНЕ 1  КГ. НАСИПНО,4636,8,7.31,0
07231,м-н КООП с. Бъзън,САЯНА КРАВЕ СИРЕНЕ 1  КГ. НАСИПНО,4636,8,7.31,0
56397,м-н КООП с. Пиргово,САЯНА КРАВЕ СИРЕНЕ 1  КГ. НАСИПНО,4636,8,7.31,0
65509,м-н КООП с. Сваленик,САЯНА КРАВЕ СИРЕНЕ 1  КГ. НАСИПНО,4636,8,6.93,0
66158,м-н КООП с. Семерджиево,САЯНА КРАВЕ СИРЕНЕ 1  КГ. НАСИПНО,4636,8,7.31,0
73362,м-н КООП с. Тръстеник,САЯНА КРАВЕ СИРЕНЕ 1  КГ. НАСИПНО,4636,8,6.93,0
80460,м-н КООП с. Червена вода,САЯНА КРАВЕ СИРЕНЕ 1  КГ. НАСИПНО,4636,8,7.31,0
63427,м-н КООП гр. Русе,САЯНА КРАВЕ СИРЕНЕ 1  КГ. НАСИПНО,4636,8,7.31,0
02796,м-н КООП с. Басарбово,САЯНА КРАВЕ СИРЕНЕ ВАКУУМ 400 ГР.,20216,9,3.52,0
07231,м-н КООП с. Бъзън,САЯНА КРАВЕ СИРЕНЕ ВАКУУМ 400 ГР.,20216,9,3.52,0
56397,м-н КООП с. Пиргово,САЯНА КРАВЕ СИРЕНЕ ВАКУУМ 400 ГР.,20216,9,3.78,0
65509,м-н КООП с. Сваленик,САЯНА КРАВЕ СИРЕНЕ ВАКУУМ 400 ГР.,20216,9,3.78,0
66158,м-н КООП с. Семерджиево,САЯНА КРАВЕ СИРЕНЕ ВАКУУМ 400 ГР.,20216,9,3.78,0
73362,м-н КООП с. Тръстеник,САЯНА КРАВЕ СИРЕНЕ ВАКУУМ 400 ГР.,20216,9,3.52,0
80460,м-н КООП с. Червена вода,САЯНА КРАВЕ СИРЕНЕ ВАКУУМ 400 ГР.,20216,9,3.78,0
63427,м-н КООП гр. Русе,САЯНА КРАВЕ СИРЕНЕ ВАКУУМ 400 ГР.,20216,9,3.78,0
02796,м-н КООП с. Басарбово,КАШКАВАЛ СЕМЕРДЖИЕВО КГ. НАСИПЕН,4610,10,9.30,0
07231,м-н КООП с. Бъзън,КАШКАВАЛ СЕМЕРДЖИЕВО КГ. НАСИПЕН,4610,10,10.40,0
56397,м-н КООП с. Пиргово,КАШКАВАЛ СЕМЕРДЖИЕВО КГ. НАСИПЕН,4610,10,10.40,0
65509,м-н КООП с. Сваленик,КАШКАВАЛ СЕМЕРДЖИЕВО КГ. НАСИПЕН,4610,10,10.40,0
66158,м-н КООП с. Семерджиево,КАШКАВАЛ СЕМЕРДЖИЕВО КГ. НАСИПЕН,4610,10,10.40,0
73362,м-н КООП с. Тръстеник,КАШКАВАЛ СЕМЕРДЖИЕВО КГ. НАСИПЕН,4610,10,9.50,0
80460,м-н КООП с. Червена вода,КАШКАВАЛ СЕМЕРДЖИЕВО КГ. НАСИПЕН,4610,10,10.40,0
63427,м-н КООП гр. Русе,КАШКАВАЛ СЕМЕРДЖИЕВО КГ. НАСИПЕН,4610,10,10.40,0
02796,м-н КООП с. Басарбово,КАШКАВАЛ РОДОПЧАНКА 200 ГР. ВАКУУМ ПРАВОЪГЪЛЕН,5478,11,12.78,0
07231,м-н КООП с. Бъзън,КАШКАВАЛ РОДОПЧАНКА 200 ГР. ВАКУУМ ПРАВОЪГЪЛЕН,5478,11,12.78,0
56397,м-н КООП с. Пиргово,КАШКАВАЛ РОДОПЧАНКА 200 ГР. ВАКУУМ ПРАВОЪГЪЛЕН,5478,11,12.78,0
65509,м-н КООП с. Сваленик,КАШКАВАЛ РОДОПЧАНКА 200 ГР. ВАКУУМ ПРАВОЪГЪЛЕН,5478,11,12.78,0
66158,м-н КООП с. Семерджиево,КАШКАВАЛ РОДОПЧАНКА 200 ГР. ВАКУУМ ПРАВОЪГЪЛЕН,5478,11,12.78,0
73362,м-н КООП с. Тръстеник,КАШКАВАЛ РОДОПЧАНКА 200 ГР. ВАКУУМ ПРАВОЪГЪЛЕН,5478,11,12.78,0
80460,м-н КООП с. Червена вода,КАШКАВАЛ РОДОПЧАНКА 200 ГР. ВАКУУМ ПРАВОЪГЪЛЕН,5478,11,12.78,0
63427,м-н КООП гр. Русе,КАШКАВАЛ РОДОПЧАНКА 200 ГР. ВАКУУМ ПРАВОЪГЪЛЕН,5478,11,12.78,0
02796,м-н КООП с. Басарбово,САЯНА КРАВЕ МАСЛО 250 ГР.,20222,12,3.68,0
07231,м-н КООП с. Бъзън,САЯНА КРАВЕ МАСЛО 250 ГР.,20222,12,3.68,0
56397,м-н КООП с. Пиргово,САЯНА КРАВЕ МАСЛО 250 ГР.,20222,12,3.68,0
65509,м-н КООП с. Сваленик,САЯНА КРАВЕ МАСЛО 250 ГР.,20222,12,3.68,0
66158,м-н КООП с. Семерджиево,САЯНА КРАВЕ МАСЛО 250 ГР.,20222,12,3.68,0
73362,м-н КООП с. Тръстеник,САЯНА КРАВЕ МАСЛО 250 ГР.,20222,12,3.68,0
80460,м-н КООП с. Червена вода,САЯНА КРАВЕ МАСЛО 250 ГР.,20222,12,3.68,0
63427,м-н КООП гр. Русе,САЯНА КРАВЕ МАСЛО 250 ГР.,20222,12,3.68,0
02796,м-н КООП с. Басарбово,ИЗВАРА ОЛИМПУС 400 ГР.,16308,14,2.24,0
07231,м-н КООП с. Бъзън,ИЗВАРА ОЛИМПУС 400 ГР.,16308,14,2.24,0
56397,м-н КООП с. Пиргово,ИЗВАРА ОЛИМПУС 400 ГР.,16308,14,2.24,0
65509,м-н КООП с. Сваленик,ИЗВАРА ОЛИМПУС 400 ГР.,16308,14,2.24,0
66158,м-н КООП с. Семерджиево,ИЗВАРА ОЛИМПУС 400 ГР.,16308,14,2.24,0
73362,м-н КООП с. Тръстеник,ИЗВАРА ОЛИМПУС 400 ГР.,16308,14,2.24,0
80460,м-н КООП с. Червена вода,ИЗВАРА ОЛИМПУС 400 ГР.,16308,14,2.24,0
63427,м-н КООП гр. Русе,ИЗВАРА ОЛИМПУС 400 ГР.,16308,14,2.24,0
02796,м-н КООП с. Басарбово,ПИЛЕШКО ФИЛЕ МЕТИКА КГ.,17895,16,8.48,0
07231,м-н КООП с. Бъзън,ПИЛЕШКО ФИЛЕ МЕТИКА КГ.,17895,16,8.48,0
56397,м-н КООП с. Пиргово,ПИЛЕШКО ФИЛЕ МЕТИКА КГ.,17895,16,8.48,0
65509,м-н КООП с. Сваленик,ПИЛЕШКО ФИЛЕ МЕТИКА КГ.,17895,16,8.48,0
66158,м-н КООП с. Семерджиево,ПИЛЕШКО ФИЛЕ МЕТИКА КГ.,17895,16,8.48,0
73362,м-н КООП с. Тръстеник,ПИЛЕШКО ФИЛЕ МЕТИКА КГ.,17895,16,8.48,0
80460,м-н КООП с. Червена вода,ПИЛЕШКО ФИЛЕ МЕТИКА КГ.,17895,16,8.48,0
63427,м-н КООП гр. Русе,ПИЛЕШКО ФИЛЕ МЕТИКА КГ.,17895,16,8.48,0
02796,м-н КООП с. Басарбово,ПИЛЕШКО БУТЧЕ МЕТИКА КГ.,15985,17,3.78,0
07231,м-н КООП с. Бъзън,ПИЛЕШКО БУТЧЕ МЕТИКА КГ.,15985,17,3.78,0
56397,м-н КООП с. Пиргово,ПИЛЕШКО БУТЧЕ МЕТИКА КГ.,15985,17,3.78,0
65509,м-н КООП с. Сваленик,ПИЛЕШКО БУТЧЕ МЕТИКА КГ.,15985,17,3.78,0
66158,м-н КООП с. Семерджиево,ПИЛЕШКО БУТЧЕ МЕТИКА КГ.,15985,17,3.78,0
73362,м-н КООП с. Тръстеник,ПИЛЕШКО БУТЧЕ МЕТИКА КГ.,15985,17,3.78,0
80460,м-н КООП с. Червена вода,ПИЛЕШКО БУТЧЕ МЕТИКА КГ.,15985,17,3.78,0
63427,м-н КООП гр. Русе,ПИЛЕШКО БУТЧЕ МЕТИКА КГ.,15985,17,3.78,0
02796,м-н КООП с. Басарбово,СВИНСКИ ВРАТ С КОСТ МЕТИКА КГ.,5139,21,6.88,0
07231,м-н КООП с. Бъзън,СВИНСКИ ВРАТ С КОСТ МЕТИКА КГ.,5139,21,6.88,0
56397,м-н КООП с. Пиргово,СВИНСКИ ВРАТ С КОСТ МЕТИКА КГ.,5139,21,6.88,0
65509,м-н КООП с. Сваленик,СВИНСКИ ВРАТ С КОСТ МЕТИКА КГ.,5139,21,7.15,0
66158,м-н КООП с. Семерджиево,СВИНСКИ ВРАТ С КОСТ МЕТИКА КГ.,5139,21,6.88,0
73362,м-н КООП с. Тръстеник,СВИНСКИ ВРАТ С КОСТ МЕТИКА КГ.,5139,21,6.88,0
80460,м-н КООП с. Червена вода,СВИНСКИ ВРАТ С КОСТ МЕТИКА КГ.,5139,21,6.88,0
63427,м-н КООП гр. Русе,СВИНСКИ ВРАТ С КОСТ МЕТИКА КГ.,5139,21,6.88,0
02796,м-н КООП с. Басарбово,СВИНСКО МЕСО ЗА ГОТВЕНЕ МЕТИКА КГ. ,5149,22,6.03,0
07231,м-н КООП с. Бъзън,СВИНСКО МЕСО ЗА ГОТВЕНЕ МЕТИКА КГ. ,5149,22,6.03,0
56397,м-н КООП с. Пиргово,СВИНСКО МЕСО ЗА ГОТВЕНЕ МЕТИКА КГ. ,5149,22,6.03,0
65509,м-н КООП с. Сваленик,СВИНСКО МЕСО ЗА ГОТВЕНЕ МЕТИКА КГ. ,5149,22,6.03,0
66158,м-н КООП с. Семерджиево,СВИНСКО МЕСО ЗА ГОТВЕНЕ МЕТИКА КГ. ,5149,22,6.03,0
73362,м-н КООП с. Тръстеник,СВИНСКО МЕСО ЗА ГОТВЕНЕ МЕТИКА КГ. ,5149,22,6.03,0
80460,м-н КООП с. Червена вода,СВИНСКО МЕСО ЗА ГОТВЕНЕ МЕТИКА КГ. ,5149,22,6.03,0
63427,м-н КООП гр. Русе,СВИНСКО МЕСО ЗА ГОТВЕНЕ МЕТИКА КГ. ,5149,22,6.03,0
02796,м-н КООП с. Басарбово,КРЕНВИРШ ЛЕКИ КГ.,8256,26,6.18,0
07231,м-н КООП с. Бъзън,КРЕНВИРШ ЛЕКИ КГ.,8256,26,6.18,0
56397,м-н КООП с. Пиргово,КРЕНВИРШ ЛЕКИ КГ.,8256,26,6.18,0
65509,м-н КООП с. Сваленик,КРЕНВИРШ ЛЕКИ КГ.,8256,26,6.18,0
66158,м-н КООП с. Семерджиево,КРЕНВИРШ ЛЕКИ КГ.,8256,26,6.18,0
73362,м-н КООП с. Тръстеник,КРЕНВИРШ ЛЕКИ КГ.,8256,26,6.18,0
80460,м-н КООП с. Червена вода,КРЕНВИРШ ЛЕКИ КГ.,8256,26,6.18,0
63427,м-н КООП гр. Русе,КРЕНВИРШ ЛЕКИ КГ.,8256,26,6.18,0
02796,м-н КООП с. Басарбово,ЛИОНСКА НАДЕНИЦА ЛЕКИ 400 ГР. ВАКУУМ,312,27,3.81,0
07231,м-н КООП с. Бъзън,ЛИОНСКА НАДЕНИЦА ЛЕКИ 400 ГР. ВАКУУМ,312,27,3.81,0
56397,м-н КООП с. Пиргово,ЛИОНСКА НАДЕНИЦА ЛЕКИ 400 ГР. ВАКУУМ,312,27,3.81,0
65509,м-н КООП с. Сваленик,ЛИОНСКА НАДЕНИЦА ЛЕКИ 400 ГР. ВАКУУМ,312,27,3.81,0
66158,м-н КООП с. Семерджиево,ЛИОНСКА НАДЕНИЦА ЛЕКИ 400 ГР. ВАКУУМ,312,27,3.81,0
73362,м-н КООП с. Тръстеник,ЛИОНСКА НАДЕНИЦА ЛЕКИ 400 ГР. ВАКУУМ,312,27,3.81,0
80460,м-н КООП с. Червена вода,ЛИОНСКА НАДЕНИЦА ЛЕКИ 400 ГР. ВАКУУМ,312,27,3.81,0
63427,м-н КООП гр. Русе,ЛИОНСКА НАДЕНИЦА ЛЕКИ 400 ГР. ВАКУУМ,312,27,3.81,0
02796,м-н КООП с. Басарбово,НАРОДЕН ШПЕК БУРГАС 220 ГР. ВАКУУМ,353,28,2.70,0
07231,м-н КООП с. Бъзън,НАРОДЕН ШПЕК БУРГАС 220 ГР. ВАКУУМ,353,28,2.70,0
56397,м-н КООП с. Пиргово,НАРОДЕН ШПЕК БУРГАС 220 ГР. ВАКУУМ,353,28,2.70,0
65509,м-н КООП с. Сваленик,НАРОДЕН ШПЕК БУРГАС 220 ГР. ВАКУУМ,353,28,2.70,0
66158,м-н КООП с. Семерджиево,НАРОДЕН ШПЕК БУРГАС 220 ГР. ВАКУУМ,353,28,2.70,0
73362,м-н КООП с. Тръстеник,НАРОДЕН ШПЕК БУРГАС 220 ГР. ВАКУУМ,353,28,2.70,0
80460,м-н КООП с. Червена вода,НАРОДЕН ШПЕК БУРГАС 220 ГР. ВАКУУМ,353,28,2.70,0
63427,м-н КООП гр. Русе,НАРОДЕН ШПЕК БУРГАС 220 ГР. ВАКУУМ,353,28,2.70,0
02796,м-н КООП с. Басарбово,СКУМРИЯ ЗАМРАЗЕНА РУСЧУК КГ.,21174,29,8.94,0
07231,м-н КООП с. Бъзън,СКУМРИЯ ЗАМРАЗЕНА РУСЧУК КГ.,21174,29,8.94,0
56397,м-н КООП с. Пиргово,СКУМРИЯ ЗАМРАЗЕНА РУСЧУК КГ.,21174,29,8.94,0
65509,м-н КООП с. Сваленик,СКУМРИЯ ЗАМРАЗЕНА РУСЧУК КГ.,21174,29,8.94,0
66158,м-н КООП с. Семерджиево,СКУМРИЯ ЗАМРАЗЕНА РУСЧУК КГ.,21174,29,8.94,0
73362,м-н КООП с. Тръстеник,СКУМРИЯ ЗАМРАЗЕНА РУСЧУК КГ.,21174,29,8.94,0
80460,м-н КООП с. Червена вода,СКУМРИЯ ЗАМРАЗЕНА РУСЧУК КГ.,21174,29,8.94,0
63427,м-н КООП гр. Русе,СКУМРИЯ ЗАМРАЗЕНА РУСЧУК КГ.,21174,29,8.94,0
02796,м-н КООП с. Басарбово,БОБ КООП 1 КГ.,1037,33,2.45,0
07231,м-н КООП с. Бъзън,БОБ КООП 1 КГ.,1037,33,2.45,0
56397,м-н КООП с. Пиргово,БОБ КООП 1 КГ.,1037,33,2.45,0
65509,м-н КООП с. Сваленик,БОБ КООП 1 КГ.,1037,33,2.45,0
66158,м-н КООП с. Семерджиево,БОБ КООП 1 КГ.,1037,33,2.45,0
73362,м-н КООП с. Тръстеник,БОБ КООП 1 КГ.,1037,33,2.45,0
80460,м-н КООП с. Червена вода,БОБ КООП 1 КГ.,1037,33,2.45,0
63427,БАЗА РКС РУСЕ,БОБ КООП 1 КГ.,1037,33,2.30,0
63427,м-н КООП гр. Русе,БОБ КООП 1 КГ.,1037,33,2.45,0
02796,м-н КООП с. Басарбово,ЛЕЩА СЕЛЕКТ АРТЕ 1 КГ.,675,34,2.30,0
07231,м-н КООП с. Бъзън,ЛЕЩА СЕЛЕКТ АРТЕ 1 КГ.,675,34,2.30,0
56397,м-н КООП с. Пиргово,ЛЕЩА СЕЛЕКТ АРТЕ 1 КГ.,675,34,2.30,0
65509,м-н КООП с. Сваленик,ЛЕЩА СЕЛЕКТ АРТЕ 1 КГ.,675,34,2.30,0
66158,м-н КООП с. Семерджиево,ЛЕЩА СЕЛЕКТ АРТЕ 1 КГ.,675,34,2.30,0
73362,м-н КООП с. Тръстеник,ЛЕЩА СЕЛЕКТ АРТЕ 1 КГ.,675,34,2.30,0
80460,м-н КООП с. Червена вода,ЛЕЩА СЕЛЕКТ АРТЕ 1 КГ.,675,34,2.30,0
63427,м-н КООП гр. Русе,ЛЕЩА СЕЛЕКТ АРТЕ 1 КГ.,675,34,2.30,0
02796,м-н КООП с. Басарбово,БИСЕРЕН ОРИЗ КООП 1 КГ.,12171,35,1.53,0
07231,м-н КООП с. Бъзън,БИСЕРЕН ОРИЗ КООП 1 КГ.,12171,35,1.53,0
56397,м-н КООП с. Пиргово,БИСЕРЕН ОРИЗ КООП 1 КГ.,12171,35,1.53,0
65509,м-н КООП с. Сваленик,БИСЕРЕН ОРИЗ КООП 1 КГ.,12171,35,1.53,0
66158,м-н КООП с. Семерджиево,БИСЕРЕН ОРИЗ КООП 1 КГ.,12171,35,1.53,0
73362,м-н КООП с. Тръстеник,БИСЕРЕН ОРИЗ КООП 1 КГ.,12171,35,1.53,0
80460,м-н КООП с. Червена вода,БИСЕРЕН ОРИЗ КООП 1 КГ.,12171,35,1.53,0
63427,БАЗА РКС РУСЕ,БИСЕРЕН ОРИЗ КООП 1 КГ.,12171,35,1.43,0
63427,м-н КООП гр. Русе,БИСЕРЕН ОРИЗ КООП 1 КГ.,12171,35,1.53,0
02796,м-н КООП с. Басарбово,МАКАРОНИ КООП 400 ГР. СПИРАЛИ,11682,36,0.69,0
07231,м-н КООП с. Бъзън,МАКАРОНИ КООП 400 ГР. СПИРАЛИ,11682,36,0.69,0
56397,м-н КООП с. Пиргово,МАКАРОНИ КООП 400 ГР. СПИРАЛИ,11682,36,0.69,0
65509,м-н КООП с. Сваленик,МАКАРОНИ КООП 400 ГР. СПИРАЛИ,11682,36,0.69,0
66158,м-н КООП с. Семерджиево,МАКАРОНИ КООП 400 ГР. СПИРАЛИ,11682,36,0.69,0
73362,м-н КООП с. Тръстеник,МАКАРОНИ КООП 400 ГР. СПИРАЛИ,11682,36,0.69,0
80460,м-н КООП с. Червена вода,МАКАРОНИ КООП 400 ГР. СПИРАЛИ,11682,36,0.69,0
63427,БАЗА РКС РУСЕ,МАКАРОНИ КООП 400 ГР. СПИРАЛИ,11682,36,0.64,0
63427,м-н КООП гр. Русе,МАКАРОНИ КООП 400 ГР. СПИРАЛИ,11682,36,0.69,0
02796,м-н КООП с. Басарбово,СПАГЕТИ МИСКО №10 500 ГР.,6157,37,1.63,0
07231,м-н КООП с. Бъзън,СПАГЕТИ МИСКО №10 500 ГР.,6157,37,1.63,0
56397,м-н КООП с. Пиргово,СПАГЕТИ МИСКО №10 500 ГР.,6157,37,1.63,0
65509,м-н КООП с. Сваленик,СПАГЕТИ МИСКО №10 500 ГР.,6157,37,1.63,0
66158,м-н КООП с. Семерджиево,СПАГЕТИ МИСКО №10 500 ГР.,6157,37,1.63,0
73362,м-н КООП с. Тръстеник,СПАГЕТИ МИСКО №10 500 ГР.,6157,37,1.63,0
80460,м-н КООП с. Червена вода,СПАГЕТИ МИСКО №10 500 ГР.,6157,37,1.63,0
63427,м-н КООП гр. Русе,СПАГЕТИ МИСКО №10 500 ГР.,6157,37,1.63,0
02796,м-н КООП с. Басарбово,ЗАХАР КООП 1 КГ.,1061,38,1.12,0
07231,м-н КООП с. Бъзън,ЗАХАР КООП 1 КГ.,1061,38,1.12,0
56397,м-н КООП с. Пиргово,ЗАХАР КООП 1 КГ.,1061,38,1.12,0
65509,м-н КООП с. Сваленик,ЗАХАР КООП 1 КГ.,1061,38,1.12,0
66158,м-н КООП с. Семерджиево,ЗАХАР КООП 1 КГ.,1061,38,1.12,0
73362,м-н КООП с. Тръстеник,ЗАХАР КООП 1 КГ.,1061,38,1.12,0
80460,м-н КООП с. Червена вода,ЗАХАР КООП 1 КГ.,1061,38,1.12,0
63427,БАЗА РКС РУСЕ,ЗАХАР КООП 1 КГ.,1061,38,0.97,0
63427,м-н КООП гр. Русе,ЗАХАР КООП 1 КГ.,1061,38,1.12,0
02796,м-н КООП с. Басарбово,ТРАПЕЗНА СОЛ 1 КГ. КООП,1053,39,0.43,0
07231,м-н КООП с. Бъзън,ТРАПЕЗНА СОЛ 1 КГ. КООП,1053,39,0.43,0
56397,м-н КООП с. Пиргово,ТРАПЕЗНА СОЛ 1 КГ. КООП,1053,39,0.43,0
65509,м-н КООП с. Сваленик,ТРАПЕЗНА СОЛ 1 КГ. КООП,1053,39,0.43,0
66158,м-н КООП с. Семерджиево,ТРАПЕЗНА СОЛ 1 КГ. КООП,1053,39,0.43,0
73362,м-н КООП с. Тръстеник,ТРАПЕЗНА СОЛ 1 КГ. КООП,1053,39,0.43,0
80460,м-н КООП с. Червена вода,ТРАПЕЗНА СОЛ 1 КГ. КООП,1053,39,0.43,0
63427,БАЗА РКС РУСЕ,ТРАПЕЗНА СОЛ 1 КГ. КООП,1053,39,0.38,0
63427,м-н КООП гр. Русе,ТРАПЕЗНА СОЛ 1 КГ. КООП,1053,39,0.43,0
02796,м-н КООП с. Басарбово,БРАШНО ТИП 500 КООП 1 КГ.,1057,40,0.71,0
07231,м-н КООП с. Бъзън,БРАШНО ТИП 500 КООП 1 КГ.,1057,40,0.71,0
56397,м-н КООП с. Пиргово,БРАШНО ТИП 500 КООП 1 КГ.,1057,40,0.71,0
65509,м-н КООП с. Сваленик,БРАШНО ТИП 500 КООП 1 КГ.,1057,40,0.71,0
66158,м-н КООП с. Семерджиево,БРАШНО ТИП 500 КООП 1 КГ.,1057,40,0.71,0
73362,м-н КООП с. Тръстеник,БРАШНО ТИП 500 КООП 1 КГ.,1057,40,0.71,0
80460,м-н КООП с. Червена вода,БРАШНО ТИП 500 КООП 1 КГ.,1057,40,0.71,0
63427,БАЗА РКС РУСЕ,БРАШНО ТИП 500 КООП 1 КГ.,1057,40,0.66,0
63427,м-н КООП гр. Русе,БРАШНО ТИП 500 КООП 1 КГ.,1057,40,0.71,0
02796,м-н КООП с. Басарбово,БРАШНО СОФИЯ МЕЛ ЕКСТРА 1 КГ.,851,41,1.20,0
07231,м-н КООП с. Бъзън,БРАШНО СОФИЯ МЕЛ ЕКСТРА 1 КГ.,851,41,1.20,0
56397,м-н КООП с. Пиргово,БРАШНО СОФИЯ МЕЛ ЕКСТРА 1 КГ.,851,41,1.20,0
65509,м-н КООП с. Сваленик,БРАШНО СОФИЯ МЕЛ ЕКСТРА 1 КГ.,851,41,1.20,0
66158,м-н КООП с. Семерджиево,БРАШНО СОФИЯ МЕЛ ЕКСТРА 1 КГ.,851,41,1.20,0
73362,м-н КООП с. Тръстеник,БРАШНО СОФИЯ МЕЛ ЕКСТРА 1 КГ.,851,41,1.20,0
80460,м-н КООП с. Червена вода,БРАШНО СОФИЯ МЕЛ ЕКСТРА 1 КГ.,851,41,1.20,0
63427,м-н КООП гр. Русе,БРАШНО СОФИЯ МЕЛ ЕКСТРА 1 КГ.,851,41,1.20,0
02796,м-н КООП с. Басарбово,ОЛИО КООП 1 Л.,1035,42,2.14,0
07231,м-н КООП с. Бъзън,ОЛИО КООП 1 Л.,1035,42,2.14,0
56397,м-н КООП с. Пиргово,ОЛИО КООП 1 Л.,1035,42,2.14,0
65509,м-н КООП с. Сваленик,ОЛИО КООП 1 Л.,1035,42,2.14,0
66158,м-н КООП с. Семерджиево,ОЛИО КООП 1 Л.,1035,42,2.14,0
73362,м-н КООП с. Тръстеник,ОЛИО КООП 1 Л.,1035,42,2.14,0
80460,м-н КООП с. Червена вода,ОЛИО КООП 1 Л.,1035,42,2.14,0
63427,БАЗА РКС РУСЕ,ОЛИО КООП 1 Л.,1035,42,1.99,0
63427,м-н КООП гр. Русе,ОЛИО КООП 1 Л.,1035,42,2.14,0
02796,м-н КООП с. Басарбово,ЗЕХТИН ЕЛИА ПОМАЧИ 1 Л.,6125,43,7.80,0
07231,м-н КООП с. Бъзън,ЗЕХТИН ЕЛИА ПОМАЧИ 1 Л.,6125,43,7.80,0
56397,м-н КООП с. Пиргово,ЗЕХТИН ЕЛИА ПОМАЧИ 1 Л.,6125,43,7.80,0
65509,м-н КООП с. Сваленик,ЗЕХТИН ЕЛИА ПОМАЧИ 1 Л.,6125,43,7.80,0
66158,м-н КООП с. Семерджиево,ЗЕХТИН ЕЛИА ПОМАЧИ 1 Л.,6125,43,7.80,0
73362,м-н КООП с. Тръстеник,ЗЕХТИН ЕЛИА ПОМАЧИ 1 Л.,6125,43,7.80,0
80460,м-н КООП с. Червена вода,ЗЕХТИН ЕЛИА ПОМАЧИ 1 Л.,6125,43,7.80,0
63427,м-н КООП гр. Русе,ЗЕХТИН ЕЛИА ПОМАЧИ 1 Л.,6125,43,7.80,0
02796,м-н КООП с. Басарбово,ВИНЕН ОЦЕТ КООП 700 МЛ.,14025,44,1.12,0
07231,м-н КООП с. Бъзън,ВИНЕН ОЦЕТ КООП 700 МЛ.,14025,44,1.12,0
56397,м-н КООП с. Пиргово,ВИНЕН ОЦЕТ КООП 700 МЛ.,14025,44,1.12,0
65509,м-н КООП с. Сваленик,ВИНЕН ОЦЕТ КООП 700 МЛ.,14025,44,1.12,0
66158,м-н КООП с. Семерджиево,ВИНЕН ОЦЕТ КООП 700 МЛ.,14025,44,1.12,0
73362,м-н КООП с. Тръстеник,ВИНЕН ОЦЕТ КООП 700 МЛ.,14025,44,1.12,0
80460,м-н КООП с. Червена вода,ВИНЕН ОЦЕТ КООП 700 МЛ.,14025,44,1.12,0
63427,БАЗА РКС РУСЕ,ВИНЕН ОЦЕТ КООП 700 МЛ.,14025,44,0.97,0
63427,м-н КООП гр. Русе,ВИНЕН ОЦЕТ КООП 700 МЛ.,14025,44,1.12,0
02796,м-н КООП с. Басарбово,ОЦЕТ ЯБЪЛКОВ КООП 700 МЛ.,14026,45,1.12,0
07231,м-н КООП с. Бъзън,ОЦЕТ ЯБЪЛКОВ КООП 700 МЛ.,14026,45,1.12,0
56397,м-н КООП с. Пиргово,ОЦЕТ ЯБЪЛКОВ КООП 700 МЛ.,14026,45,1.12,0
65509,м-н КООП с. Сваленик,ОЦЕТ ЯБЪЛКОВ КООП 700 МЛ.,14026,45,1.12,0
66158,м-н КООП с. Семерджиево,ОЦЕТ ЯБЪЛКОВ КООП 700 МЛ.,14026,45,1.12,0
73362,м-н КООП с. Тръстеник,ОЦЕТ ЯБЪЛКОВ КООП 700 МЛ.,14026,45,1.12,0
80460,м-н КООП с. Червена вода,ОЦЕТ ЯБЪЛКОВ КООП 700 МЛ.,14026,45,1.12,0
63427,БАЗА РКС РУСЕ,ОЦЕТ ЯБЪЛКОВ КООП 700 МЛ.,14026,45,1.00,0
63427,м-н КООП гр. Русе,ОЦЕТ ЯБЪЛКОВ КООП 700 МЛ.,14026,45,1.12,0
02796,м-н КООП с. Басарбово,БЯЛ БОБ БУРКАН КООП 560 ГР.,22645,46,1.41,0
07231,м-н КООП с. Бъзън,БЯЛ БОБ БУРКАН КООП 560 ГР.,22645,46,1.41,0
56397,м-н КООП с. Пиргово,БЯЛ БОБ БУРКАН КООП 560 ГР.,22645,46,1.41,0
65509,м-н КООП с. Сваленик,БЯЛ БОБ БУРКАН КООП 560 ГР.,22645,46,1.41,0
66158,м-н КООП с. Семерджиево,БЯЛ БОБ БУРКАН КООП 560 ГР.,22645,46,1.41,0
73362,м-н КООП с. Тръстеник,БЯЛ БОБ БУРКАН КООП 560 ГР.,22645,46,1.41,0
80460,м-н КООП с. Червена вода,БЯЛ БОБ БУРКАН КООП 560 ГР.,22645,46,1.41,0
63427,БАЗА РКС РУСЕ,БЯЛ БОБ БУРКАН КООП 560 ГР.,22645,46,1.27,0
63427,м-н КООП гр. Русе,БЯЛ БОБ БУРКАН КООП 560 ГР.,22645,46,1.41,0
02796,м-н КООП с. Басарбово,ФИН ГРАХ КООП 400 ГР.,23984,47,0.86,0
07231,м-н КООП с. Бъзън,ФИН ГРАХ КООП 400 ГР.,23984,47,0.86,0
56397,м-н КООП с. Пиргово,ФИН ГРАХ КООП 400 ГР.,23984,47,0.86,0
65509,м-н КООП с. Сваленик,ФИН ГРАХ КООП 400 ГР.,23984,47,0.86,0
66158,м-н КООП с. Семерджиево,ФИН ГРАХ КООП 400 ГР.,23984,47,0.86,0
73362,м-н КООП с. Тръстеник,ФИН ГРАХ КООП 400 ГР.,23984,47,0.86,0
80460,м-н КООП с. Червена вода,ФИН ГРАХ КООП 400 ГР.,23984,47,0.86,0
63427,БАЗА РКС РУСЕ,ФИН ГРАХ КООП 400 ГР.,23984,47,0.74,0
63427,м-н КООП гр. Русе,ФИН ГРАХ КООП 400 ГР.,23984,47,0.86,0
02796,м-н КООП с. Басарбово,ДОМАТИ НА КУБЧЕТА 400 ГР. ФИЛИКОН,6635,48,1.07,0
07231,м-н КООП с. Бъзън,ДОМАТИ НА КУБЧЕТА 400 ГР. ФИЛИКОН,6635,48,1.07,0
56397,м-н КООП с. Пиргово,ДОМАТИ НА КУБЧЕТА 400 ГР. ФИЛИКОН,6635,48,1.07,0
65509,м-н КООП с. Сваленик,ДОМАТИ НА КУБЧЕТА 400 ГР. ФИЛИКОН,6635,48,1.07,0
66158,м-н КООП с. Семерджиево,ДОМАТИ НА КУБЧЕТА 400 ГР. ФИЛИКОН,6635,48,1.07,0
73362,м-н КООП с. Тръстеник,ДОМАТИ НА КУБЧЕТА 400 ГР. ФИЛИКОН,6635,48,1.07,0
80460,м-н КООП с. Червена вода,ДОМАТИ НА КУБЧЕТА 400 ГР. ФИЛИКОН,6635,48,1.07,0
63427,м-н КООП гр. Русе,ДОМАТИ НА КУБЧЕТА 400 ГР. ФИЛИКОН,6635,48,1.07,0
02796,м-н КООП с. Басарбово,ЛЮТЕНИЦА ОЛИНЕЗА 520 ГР.,821,49,3.16,0
07231,м-н КООП с. Бъзън,ЛЮТЕНИЦА ОЛИНЕЗА 520 ГР.,821,49,3.16,0
56397,м-н КООП с. Пиргово,ЛЮТЕНИЦА ОЛИНЕЗА 520 ГР.,821,49,4.03,0
65509,м-н КООП с. Сваленик,ЛЮТЕНИЦА ОЛИНЕЗА 520 ГР.,821,49,3.16,0
66158,м-н КООП с. Семерджиево,ЛЮТЕНИЦА ОЛИНЕЗА 520 ГР.,821,49,3.16,0
73362,м-н КООП с. Тръстеник,ЛЮТЕНИЦА ОЛИНЕЗА 520 ГР.,821,49,3.16,0
80460,м-н КООП с. Червена вода,ЛЮТЕНИЦА ОЛИНЕЗА 520 ГР.,821,49,3.16,0
63427,м-н КООП гр. Русе,ЛЮТЕНИЦА ОЛИНЕЗА 520 ГР.,821,49,3.16,0
02796,м-н КООП с. Басарбово,ЛИМОНИ КГ.,3645,50,2.12,0
07231,м-н КООП с. Бъзън,ЛИМОНИ КГ.,3645,50,2.12,0
56397,м-н КООП с. Пиргово,ЛИМОНИ КГ.,3645,50,2.12,0
65509,м-н КООП с. Сваленик,ЛИМОНИ КГ.,3645,50,2.12,0
66158,м-н КООП с. Семерджиево,ЛИМОНИ КГ.,3645,50,2.12,0
73362,м-н КООП с. Тръстеник,ЛИМОНИ КГ.,3645,50,2.12,0
80460,м-н КООП с. Червена вода,ЛИМОНИ КГ.,3645,50,2.12,0
63427,м-н КООП гр. Русе,ЛИМОНИ КГ.,3645,50,2.12,0
02796,м-н КООП с. Басарбово,ПОРТОКАЛИ КГ.,3651,51,1.69,0
07231,м-н КООП с. Бъзън,ПОРТОКАЛИ КГ.,3651,51,1.69,0
56397,м-н КООП с. Пиргово,ПОРТОКАЛИ КГ.,3651,51,1.69,0
65509,м-н КООП с. Сваленик,ПОРТОКАЛИ КГ.,3651,51,1.69,0
66158,м-н КООП с. Семерджиево,ПОРТОКАЛИ КГ.,3651,51,1.69,0
73362,м-н КООП с. Тръстеник,ПОРТОКАЛИ КГ.,3651,51,1.69,0
80460,м-н КООП с. Червена вода,ПОРТОКАЛИ КГ.,3651,51,1.69,0
63427,м-н КООП гр. Русе,ПОРТОКАЛИ КГ.,3651,51,1.69,0
02796,м-н КООП с. Басарбово,БАНАНИ КГ.,3646,52,1.97,0
07231,м-н КООП с. Бъзън,БАНАНИ КГ.,3646,52,1.97,0
56397,м-н КООП с. Пиргово,БАНАНИ КГ.,3646,52,1.97,0
65509,м-н КООП с. Сваленик,БАНАНИ КГ.,3646,52,1.97,0
66158,м-н КООП с. Семерджиево,БАНАНИ КГ.,3646,52,1.97,0
73362,м-н КООП с. Тръстеник,БАНАНИ КГ.,3646,52,1.97,0
80460,м-н КООП с. Червена вода,БАНАНИ КГ.,3646,52,1.97,0
63427,м-н КООП гр. Русе,БАНАНИ КГ.,3646,52,1.97,0
02796,м-н КООП с. Басарбово,ЖЪЛТИ ЯБЪЛКИ КГ.,3653,53,1.66,0
07231,м-н КООП с. Бъзън,ЖЪЛТИ ЯБЪЛКИ КГ.,3653,53,1.66,0
56397,м-н КООП с. Пиргово,ЖЪЛТИ ЯБЪЛКИ КГ.,3653,53,1.66,0
65509,м-н КООП с. Сваленик,ЖЪЛТИ ЯБЪЛКИ КГ.,3653,53,1.66,0
66158,м-н КООП с. Семерджиево,ЖЪЛТИ ЯБЪЛКИ КГ.,3653,53,1.66,0
73362,м-н КООП с. Тръстеник,ЖЪЛТИ ЯБЪЛКИ КГ.,3653,53,1.66,0
80460,м-н КООП с. Червена вода,ЖЪЛТИ ЯБЪЛКИ КГ.,3653,53,1.66,0
63427,м-н КООП гр. Русе,ЖЪЛТИ ЯБЪЛКИ КГ.,3653,53,1.66,0
02796,м-н КООП с. Басарбово,ДОМАТИ ВНОС 1-ВО КАЧЕСТВО,3494,54,2.22,0
07231,м-н КООП с. Бъзън,ДОМАТИ ВНОС 1-ВО КАЧЕСТВО,3494,54,2.22,0
56397,м-н КООП с. Пиргово,ДОМАТИ ВНОС 1-ВО КАЧЕСТВО,3494,54,2.22,0
65509,м-н КООП с. Сваленик,ДОМАТИ ВНОС 1-ВО КАЧЕСТВО,3494,54,2.22,0
66158,м-н КООП с. Семерджиево,ДОМАТИ ВНОС 1-ВО КАЧЕСТВО,3494,54,2.22,0
73362,м-н КООП с. Тръстеник,ДОМАТИ ВНОС 1-ВО КАЧЕСТВО,3494,54,2.22,0
80460,м-н КООП с. Червена вода,ДОМАТИ ВНОС 1-ВО КАЧЕСТВО,3494,54,2.22,0
63427,м-н КООП гр. Русе,ДОМАТИ ВНОС 1-ВО КАЧЕСТВО,3494,54,2.22,0
02796,м-н КООП с. Басарбово,ЛУК КРОМИД КГ. ,3634,55,0.79,0
07231,м-н КООП с. Бъзън,ЛУК КРОМИД КГ. ,3634,55,0.79,0
56397,м-н КООП с. Пиргово,ЛУК КРОМИД КГ. ,3634,55,0.79,0
65509,м-н КООП с. Сваленик,ЛУК КРОМИД КГ. ,3634,55,0.79,0
66158,м-н КООП с. Семерджиево,ЛУК КРОМИД КГ. ,3634,55,0.79,0
73362,м-н КООП с. Тръстеник,ЛУК КРОМИД КГ. ,3634,55,0.79,0
80460,м-н КООП с. Червена вода,ЛУК КРОМИД КГ. ,3634,55,0.79,0
63427,м-н КООП гр. Русе,ЛУК КРОМИД КГ. ,3634,55,0.79,0
02796,м-н КООП с. Басарбово,МОРКОВИ КГ.,3629,56,0.92,0
07231,м-н КООП с. Бъзън,МОРКОВИ КГ.,3629,56,0.92,0
56397,м-н КООП с. Пиргово,МОРКОВИ КГ.,3629,56,0.92,0
65509,м-н КООП с. Сваленик,МОРКОВИ КГ.,3629,56,0.92,0
66158,м-н КООП с. Семерджиево,МОРКОВИ КГ.,3629,56,0.92,0
73362,м-н КООП с. Тръстеник,МОРКОВИ КГ.,3629,56,0.92,0
80460,м-н КООП с. Червена вода,МОРКОВИ КГ.,3629,56,0.92,0
63427,м-н КООП гр. Русе,МОРКОВИ КГ.,3629,56,0.92,0
02796,м-н КООП с. Басарбово,ЗЕЛЕ КГ.,3633,57,0.74,0
07231,м-н КООП с. Бъзън,ЗЕЛЕ КГ.,3633,57,0.74,0
56397,м-н КООП с. Пиргово,ЗЕЛЕ КГ.,3633,57,0.74,0
65509,м-н КООП с. Сваленик,ЗЕЛЕ КГ.,3633,57,0.74,0
66158,м-н КООП с. Семерджиево,ЗЕЛЕ КГ.,3633,57,0.74,0
73362,м-н КООП с. Тръстеник,ЗЕЛЕ КГ.,3633,57,0.74,0
80460,м-н КООП с. Червена вода,ЗЕЛЕ КГ.,3633,57,0.74,0
63427,м-н КООП гр. Русе,ЗЕЛЕ КГ.,3633,57,0.74,0
02796,м-н КООП с. Басарбово,КРАСТАВИЦИ 1-ВО КАЧЕСТВО КГ.,3496,58,3.45,0
07231,м-н КООП с. Бъзън,КРАСТАВИЦИ 1-ВО КАЧЕСТВО КГ.,3496,58,3.45,0
56397,м-н КООП с. Пиргово,КРАСТАВИЦИ 1-ВО КАЧЕСТВО КГ.,3496,58,3.45,0
65509,м-н КООП с. Сваленик,КРАСТАВИЦИ 1-ВО КАЧЕСТВО КГ.,3496,58,3.45,0
66158,м-н КООП с. Семерджиево,КРАСТАВИЦИ 1-ВО КАЧЕСТВО КГ.,3496,58,3.45,0
73362,м-н КООП с. Тръстеник,КРАСТАВИЦИ 1-ВО КАЧЕСТВО КГ.,3496,58,3.45,0
80460,м-н КООП с. Червена вода,КРАСТАВИЦИ 1-ВО КАЧЕСТВО КГ.,3496,58,3.45,0
63427,м-н КООП гр. Русе,КРАСТАВИЦИ 1-ВО КАЧЕСТВО КГ.,3496,58,3.45,0
02796,м-н КООП с. Басарбово,ЧЕСЪН ВНОС ГЛАВИ КГ.,7618,59,4.27,0
07231,м-н КООП с. Бъзън,ЧЕСЪН ВНОС ГЛАВИ КГ.,7618,59,4.27,0
56397,м-н КООП с. Пиргово,ЧЕСЪН ВНОС ГЛАВИ КГ.,7618,59,4.27,0
65509,м-н КООП с. Сваленик,ЧЕСЪН ВНОС ГЛАВИ КГ.,7618,59,4.27,0
66158,м-н КООП с. Семерджиево,ЧЕСЪН ВНОС ГЛАВИ КГ.,7618,59,4.27,0
73362,м-н КООП с. Тръстеник,ЧЕСЪН ВНОС ГЛАВИ КГ.,7618,59,4.27,0
80460,м-н КООП с. Червена вода,ЧЕСЪН ВНОС ГЛАВИ КГ.,7618,59,4.27,0
63427,м-н КООП гр. Русе,ЧЕСЪН ВНОС ГЛАВИ КГ.,7618,59,4.27,0
02796,м-н КООП с. Басарбово,ГЪБИ НАСИПНИ КГ.,3961,60,4.27,0
07231,м-н КООП с. Бъзън,ГЪБИ НАСИПНИ КГ.,3961,60,4.27,0
56397,м-н КООП с. Пиргово,ГЪБИ НАСИПНИ КГ.,3961,60,4.27,0
65509,м-н КООП с. Сваленик,ГЪБИ НАСИПНИ КГ.,3961,60,4.27,0
66158,м-н КООП с. Семерджиево,ГЪБИ НАСИПНИ КГ.,3961,60,4.27,0
73362,м-н КООП с. Тръстеник,ГЪБИ НАСИПНИ КГ.,3961,60,4.27,0
80460,м-н КООП с. Червена вода,ГЪБИ НАСИПНИ КГ.,3961,60,4.27,0
63427,м-н КООП гр. Русе,ГЪБИ НАСИПНИ КГ.,3961,60,4.27,0
02796,м-н КООП с. Басарбово,КАРТОФИ КГ.,3631,61,0.92,0
07231,м-н КООП с. Бъзън,КАРТОФИ КГ.,3631,61,0.92,0
56397,м-н КООП с. Пиргово,КАРТОФИ КГ.,3631,61,0.92,0
65509,м-н КООП с. Сваленик,КАРТОФИ КГ.,3631,61,0.92,0
66158,м-н КООП с. Семерджиево,КАРТОФИ КГ.,3631,61,0.92,0
73362,м-н КООП с. Тръстеник,КАРТОФИ КГ.,3631,61,0.92,0
80460,м-н КООП с. Червена вода,КАРТОФИ КГ.,3631,61,0.92,0
63427,м-н КООП гр. Русе,КАРТОФИ КГ.,3631,61,0.92,0
02796,м-н КООП с. Басарбово,МАСЛИНИ ЕМЕС В ЗЕХТИН КГ.,14030,62,4.99,0
07231,м-н КООП с. Бъзън,МАСЛИНИ ЕМЕС В ЗЕХТИН КГ.,14030,62,4.99,0
56397,м-н КООП с. Пиргово,МАСЛИНИ ЕМЕС В ЗЕХТИН КГ.,14030,62,4.99,0
65509,м-н КООП с. Сваленик,МАСЛИНИ ЕМЕС В ЗЕХТИН КГ.,14030,62,4.99,0
66158,м-н КООП с. Семерджиево,МАСЛИНИ ЕМЕС В ЗЕХТИН КГ.,14030,62,4.99,0
73362,м-н КООП с. Тръстеник,МАСЛИНИ ЕМЕС В ЗЕХТИН КГ.,14030,62,4.99,0
80460,м-н КООП с. Червена вода,МАСЛИНИ ЕМЕС В ЗЕХТИН КГ.,14030,62,4.99,0
63427,м-н КООП гр. Русе,МАСЛИНИ ЕМЕС В ЗЕХТИН КГ.,14030,62,4.99,0
02796,м-н КООП с. Басарбово,МЛЕЧНА БАНАНОВА КАША СЛЪНЧО 200 ГР.,4407,63,3.04,0
07231,м-н КООП с. Бъзън,МЛЕЧНА БАНАНОВА КАША СЛЪНЧО 200 ГР.,4407,63,3.04,0
56397,м-н КООП с. Пиргово,МЛЕЧНА БАНАНОВА КАША СЛЪНЧО 200 ГР.,4407,63,3.40,0
65509,м-н КООП с. Сваленик,МЛЕЧНА БАНАНОВА КАША СЛЪНЧО 200 ГР.,4407,63,3.04,0
66158,м-н КООП с. Семерджиево,МЛЕЧНА БАНАНОВА КАША СЛЪНЧО 200 ГР.,4407,63,3.04,0
73362,м-н КООП с. Тръстеник,МЛЕЧНА БАНАНОВА КАША СЛЪНЧО 200 ГР.,4407,63,3.04,0
80460,м-н КООП с. Червена вода,МЛЕЧНА БАНАНОВА КАША СЛЪНЧО 200 ГР.,4407,63,3.04,0
63427,м-н КООП гр. Русе,МЛЕЧНА БАНАНОВА КАША СЛЪНЧО 200 ГР.,4407,63,3.04,0
02796,м-н КООП с. Басарбово,ДЕТСКО ПЮРЕ ГАНЧЕВ 190 ГР. ПЛОДОВО,6651,64,1.17,0
07231,м-н КООП с. Бъзън,ДЕТСКО ПЮРЕ ГАНЧЕВ 190 ГР. ПЛОДОВО,6651,64,1.17,0
56397,м-н КООП с. Пиргово,ДЕТСКО ПЮРЕ ГАНЧЕВ 190 ГР. ПЛОДОВО,6651,64,1.17,0
65509,м-н КООП с. Сваленик,ДЕТСКО ПЮРЕ ГАНЧЕВ 190 ГР. ПЛОДОВО,6651,64,1.17,0
66158,м-н КООП с. Семерджиево,ДЕТСКО ПЮРЕ ГАНЧЕВ 190 ГР. ПЛОДОВО,6651,64,1.17,0
73362,м-н КООП с. Тръстеник,ДЕТСКО ПЮРЕ ГАНЧЕВ 190 ГР. ПЛОДОВО,6651,64,1.17,0
80460,м-н КООП с. Червена вода,ДЕТСКО ПЮРЕ ГАНЧЕВ 190 ГР. ПЛОДОВО,6651,64,1.17,0
63427,м-н КООП гр. Русе,ДЕТСКО ПЮРЕ ГАНЧЕВ 190 ГР. ПЛОДОВО,6651,64,1.17,0
02796,м-н КООП с. Басарбово,ОБИКНОВЕНИ БИСКВИТИ РОДЕН КРАЙ 120 ГР.,1358,66,0.76,0
07231,м-н КООП с. Бъзън,ОБИКНОВЕНИ БИСКВИТИ РОДЕН КРАЙ 120 ГР.,1358,66,0.76,0
56397,м-н КООП с. Пиргово,ОБИКНОВЕНИ БИСКВИТИ РОДЕН КРАЙ 120 ГР.,1358,66,0.76,0
65509,м-н КООП с. Сваленик,ОБИКНОВЕНИ БИСКВИТИ РОДЕН КРАЙ 120 ГР.,1358,66,0.76,0
66158,м-н КООП с. Семерджиево,ОБИКНОВЕНИ БИСКВИТИ РОДЕН КРАЙ 120 ГР.,1358,66,0.76,0
73362,м-н КООП с. Тръстеник,ОБИКНОВЕНИ БИСКВИТИ РОДЕН КРАЙ 120 ГР.,1358,66,0.76,0
80460,м-н КООП с. Червена вода,ОБИКНОВЕНИ БИСКВИТИ РОДЕН КРАЙ 120 ГР.,1358,66,0.76,0
63427,м-н КООП гр. Русе,ОБИКНОВЕНИ БИСКВИТИ РОДЕН КРАЙ 120 ГР.,1358,66,0.76,0
02796,м-н КООП с. Басарбово,КРОАСАН 7 ДЕЙС МАКС КАКАО 92 ГР.,1399,67,0.76,0
07231,м-н КООП с. Бъзън,КРОАСАН 7 ДЕЙС МАКС КАКАО 92 ГР.,1399,67,0.76,0
56397,м-н КООП с. Пиргово,КРОАСАН 7 ДЕЙС МАКС КАКАО 92 ГР.,1399,67,0.76,0
65509,м-н КООП с. Сваленик,КРОАСАН 7 ДЕЙС МАКС КАКАО 92 ГР.,1399,67,0.76,0
66158,м-н КООП с. Семерджиево,КРОАСАН 7 ДЕЙС МАКС КАКАО 92 ГР.,1399,67,0.76,0
73362,м-н КООП с. Тръстеник,КРОАСАН 7 ДЕЙС МАКС КАКАО 92 ГР.,1399,67,0.76,0
80460,м-н КООП с. Червена вода,КРОАСАН 7 ДЕЙС МАКС КАКАО 92 ГР.,1399,67,0.76,0
63427,м-н КООП гр. Русе,КРОАСАН 7 ДЕЙС МАКС КАКАО 92 ГР.,1399,67,0.76,0
02796,м-н КООП с. Басарбово,СОФИЙСКА БАНИЦА ФАВОРИТ 150 ГР.,102,68,0.95,0
07231,м-н КООП с. Бъзън,СОФИЙСКА БАНИЦА ФАВОРИТ 150 ГР.,102,68,0.95,0
56397,м-н КООП с. Пиргово,СОФИЙСКА БАНИЦА ФАВОРИТ 150 ГР.,102,68,0.95,0
65509,м-н КООП с. Сваленик,СОФИЙСКА БАНИЦА ФАВОРИТ 150 ГР.,102,68,0.95,0
66158,м-н КООП с. Семерджиево,СОФИЙСКА БАНИЦА ФАВОРИТ 150 ГР.,102,68,0.95,0
73362,м-н КООП с. Тръстеник,СОФИЙСКА БАНИЦА ФАВОРИТ 150 ГР.,102,68,0.95,0
80460,м-н КООП с. Червена вода,СОФИЙСКА БАНИЦА ФАВОРИТ 150 ГР.,102,68,0.95,0
63427,м-н КООП гр. Русе,СОФИЙСКА БАНИЦА ФАВОРИТ 150 ГР.,102,68,0.95,0
02796,м-н КООП с. Басарбово,ШОКОЛАД МЛЕЧЕН 80 ГР.,201,69,1.27,0
07231,м-н КООП с. Бъзън,ШОКОЛАД МЛЕЧЕН 80 ГР.,201,69,1.27,0
56397,м-н КООП с. Пиргово,ШОКОЛАД МЛЕЧЕН 80 ГР.,201,69,1.27,0
65509,м-н КООП с. Сваленик,ШОКОЛАД МЛЕЧЕН 80 ГР.,201,69,1.27,0
66158,м-н КООП с. Семерджиево,ШОКОЛАД МЛЕЧЕН 80 ГР.,201,69,1.27,0
73362,м-н КООП с. Тръстеник,ШОКОЛАД МЛЕЧЕН 80 ГР.,201,69,1.27,0
80460,м-н КООП с. Червена вода,ШОКОЛАД МЛЕЧЕН 80 ГР.,201,69,1.27,0
63427,м-н КООП гр. Русе,ШОКОЛАД МЛЕЧЕН 80 ГР.,201,69,1.27,0
02796,м-н КООП с. Басарбово,НОВА БРАЗИЛИЯ 200 ГР. ДЖЕЗВЕ,158,70,4.14,0
07231,м-н КООП с. Бъзън,НОВА БРАЗИЛИЯ 200 ГР. ДЖЕЗВЕ,158,70,4.14,0
56397,м-н КООП с. Пиргово,НОВА БРАЗИЛИЯ 200 ГР. ДЖЕЗВЕ,158,70,4.14,0
65509,м-н КООП с. Сваленик,НОВА БРАЗИЛИЯ 200 ГР. ДЖЕЗВЕ,158,70,4.14,0
66158,м-н КООП с. Семерджиево,НОВА БРАЗИЛИЯ 200 ГР. ДЖЕЗВЕ,158,70,4.14,0
73362,м-н КООП с. Тръстеник,НОВА БРАЗИЛИЯ 200 ГР. ДЖЕЗВЕ,158,70,4.14,0
80460,м-н КООП с. Червена вода,НОВА БРАЗИЛИЯ 200 ГР. ДЖЕЗВЕ,158,70,4.14,0
63427,м-н КООП гр. Русе,НОВА БРАЗИЛИЯ 200 ГР. ДЖЕЗВЕ,158,70,4.14,0
02796,м-н КООП с. Басарбово,КАФЕ ЛАВАЦА КГ.,12699,71,16.64,0
07231,м-н КООП с. Бъзън,КАФЕ ЛАВАЦА КГ.,12699,71,16.64,0
56397,м-н КООП с. Пиргово,КАФЕ ЛАВАЦА КГ.,12699,71,16.64,0
65509,м-н КООП с. Сваленик,КАФЕ ЛАВАЦА КГ.,12699,71,16.64,0
66158,м-н КООП с. Семерджиево,КАФЕ ЛАВАЦА КГ.,12699,71,16.64,0
73362,м-н КООП с. Тръстеник,КАФЕ ЛАВАЦА КГ.,12699,71,16.64,0
80460,м-н КООП с. Червена вода,КАФЕ ЛАВАЦА КГ.,12699,71,16.64,0
63427,м-н КООП гр. Русе,КАФЕ ЛАВАЦА КГ.,12699,71,16.64,0
02796,м-н КООП с. Басарбово,ЧАЙ КООП БИЛКОВ КООП 20 БР./ОП.,5884,72,0.64,0
07231,м-н КООП с. Бъзън,ЧАЙ КООП БИЛКОВ КООП 20 БР./ОП.,5884,72,0.64,0
56397,м-н КООП с. Пиргово,ЧАЙ КООП БИЛКОВ КООП 20 БР./ОП.,5884,72,0.64,0
65509,м-н КООП с. Сваленик,ЧАЙ КООП БИЛКОВ КООП 20 БР./ОП.,5884,72,0.64,0
66158,м-н КООП с. Семерджиево,ЧАЙ КООП БИЛКОВ КООП 20 БР./ОП.,5884,72,0.64,0
73362,м-н КООП с. Тръстеник,ЧАЙ КООП БИЛКОВ КООП 20 БР./ОП.,5884,72,0.64,0
80460,м-н КООП с. Червена вода,ЧАЙ КООП БИЛКОВ КООП 20 БР./ОП.,5884,72,0.64,0
63427,БАЗА РКС РУСЕ,ЧАЙ КООП БИЛКОВ КООП 20 БР./ОП.,5884,72,0.51,0
63427,м-н КООП гр. Русе,ЧАЙ КООП БИЛКОВ КООП 20 БР./ОП.,5884,72,0.64,0
02796,м-н КООП с. Басарбово,БИРА ЗАГОРКА 2 Л.,2420,74,1.63,0
07231,м-н КООП с. Бъзън,БИРА ЗАГОРКА 2 Л.,2420,74,1.63,0
56397,м-н КООП с. Пиргово,БИРА ЗАГОРКА 2 Л.,2420,74,1.63,0
65509,м-н КООП с. Сваленик,БИРА ЗАГОРКА 2 Л.,2420,74,1.63,0
66158,м-н КООП с. Семерджиево,БИРА ЗАГОРКА 2 Л.,2420,74,1.63,0
73362,м-н КООП с. Тръстеник,БИРА ЗАГОРКА 2 Л.,2420,74,1.63,0
80460,м-н КООП с. Червена вода,БИРА ЗАГОРКА 2 Л.,2420,74,1.63,0
63427,м-н КООП гр. Русе,БИРА ЗАГОРКА 2 Л.,2420,74,1.63,0
02796,м-н КООП с. Басарбово,ВИНО ТРАМИНЕР ТЪРГОВИЩЕ 750 МЛ. ,2908,75,4.19,0
07231,м-н КООП с. Бъзън,ВИНО ТРАМИНЕР ТЪРГОВИЩЕ 750 МЛ. ,2908,75,4.19,0
56397,м-н КООП с. Пиргово,ВИНО ТРАМИНЕР ТЪРГОВИЩЕ 750 МЛ. ,2908,75,4.19,0
65509,м-н КООП с. Сваленик,ВИНО ТРАМИНЕР ТЪРГОВИЩЕ 750 МЛ. ,2908,75,4.19,0
66158,м-н КООП с. Семерджиево,ВИНО ТРАМИНЕР ТЪРГОВИЩЕ 750 МЛ. ,2908,75,4.19,0
73362,м-н КООП с. Тръстеник,ВИНО ТРАМИНЕР ТЪРГОВИЩЕ 750 МЛ. ,2908,75,4.19,0
80460,м-н КООП с. Червена вода,ВИНО ТРАМИНЕР ТЪРГОВИЩЕ 750 МЛ. ,2908,75,4.68,0
63427,м-н КООП гр. Русе,ВИНО ТРАМИНЕР ТЪРГОВИЩЕ 750 МЛ. ,2908,75,4.19,0
02796,м-н КООП с. Басарбово,ВИНО ТЪРГОВИЩЕ КАБЕРНЕ 750 МЛ. ,2904,76,3.88,0
07231,м-н КООП с. Бъзън,ВИНО ТЪРГОВИЩЕ КАБЕРНЕ 750 МЛ. ,2904,76,3.88,0
56397,м-н КООП с. Пиргово,ВИНО ТЪРГОВИЩЕ КАБЕРНЕ 750 МЛ. ,2904,76,3.88,0
65509,м-н КООП с. Сваленик,ВИНО ТЪРГОВИЩЕ КАБЕРНЕ 750 МЛ. ,2904,76,3.88,0
66158,м-н КООП с. Семерджиево,ВИНО ТЪРГОВИЩЕ КАБЕРНЕ 750 МЛ. ,2904,76,3.88,0
73362,м-н КООП с. Тръстеник,ВИНО ТЪРГОВИЩЕ КАБЕРНЕ 750 МЛ. ,2904,76,3.88,0
80460,м-н КООП с. Червена вода,ВИНО ТЪРГОВИЩЕ КАБЕРНЕ 750 МЛ. ,2904,76,3.88,0
63427,м-н КООП гр. Русе,ВИНО ТЪРГОВИЩЕ КАБЕРНЕ 750 МЛ. ,2904,76,3.88,0
02796,м-н КООП с. Басарбово,РАКИЯ ПЕЩЕРСКА 700 МЛ. ,2977,77,7.54,0
07231,м-н КООП с. Бъзън,РАКИЯ ПЕЩЕРСКА 700 МЛ. ,2977,77,7.31,0
56397,м-н КООП с. Пиргово,РАКИЯ ПЕЩЕРСКА 700 МЛ. ,2977,77,7.31,0
65509,м-н КООП с. Сваленик,РАКИЯ ПЕЩЕРСКА 700 МЛ. ,2977,77,7.31,0
66158,м-н КООП с. Семерджиево,РАКИЯ ПЕЩЕРСКА 700 МЛ. ,2977,77,7.31,0
73362,м-н КООП с. Тръстеник,РАКИЯ ПЕЩЕРСКА 700 МЛ. ,2977,77,7.31,0
80460,м-н КООП с. Червена вода,РАКИЯ ПЕЩЕРСКА 700 МЛ. ,2977,77,7.54,0
63427,м-н КООП гр. Русе,РАКИЯ ПЕЩЕРСКА 700 МЛ. ,2977,77,7.31,0
02796,м-н КООП с. Басарбово,ЦИГАРИ ЖЪЛТ ВОГ 97 ММ.,19380,78,3.58,0
07231,м-н КООП с. Бъзън,ЦИГАРИ ЖЪЛТ ВОГ 97 ММ.,19380,78,3.58,0
56397,м-н КООП с. Пиргово,ЦИГАРИ ЖЪЛТ ВОГ 97 ММ.,19380,78,3.58,0
65509,м-н КООП с. Сваленик,ЦИГАРИ ЖЪЛТ ВОГ 97 ММ.,19380,78,3.58,0
66158,м-н КООП с. Семерджиево,ЦИГАРИ ЖЪЛТ ВОГ 97 ММ.,19380,78,3.58,0
73362,м-н КООП с. Тръстеник,ЦИГАРИ ЖЪЛТ ВОГ 97 ММ.,19380,78,3.58,0
80460,м-н КООП с. Червена вода,ЦИГАРИ ЖЪЛТ ВОГ 97 ММ.,19380,78,3.58,0
63427,м-н КООП гр. Русе,ЦИГАРИ ЖЪЛТ ВОГ 97 ММ.,19380,78,3.58,0
02796,м-н КООП с. Басарбово,ПРЕПАРАТ ЗА МИЕНЕ НА СЪДОВЕ КООП 500 МЛ. ГЕЛ,6104,79,0.59,0
07231,м-н КООП с. Бъзън,ПРЕПАРАТ ЗА МИЕНЕ НА СЪДОВЕ КООП 500 МЛ. ГЕЛ,6104,79,0.59,0
56397,м-н КООП с. Пиргово,ПРЕПАРАТ ЗА МИЕНЕ НА СЪДОВЕ КООП 500 МЛ. ГЕЛ,6104,79,0.59,0
65509,м-н КООП с. Сваленик,ПРЕПАРАТ ЗА МИЕНЕ НА СЪДОВЕ КООП 500 МЛ. ГЕЛ,6104,79,0.59,0
66158,м-н КООП с. Семерджиево,ПРЕПАРАТ ЗА МИЕНЕ НА СЪДОВЕ КООП 500 МЛ. ГЕЛ,6104,79,0.59,0
73362,м-н КООП с. Тръстеник,ПРЕПАРАТ ЗА МИЕНЕ НА СЪДОВЕ КООП 500 МЛ. ГЕЛ,6104,79,0.59,0
80460,м-н КООП с. Червена вода,ПРЕПАРАТ ЗА МИЕНЕ НА СЪДОВЕ КООП 500 МЛ. ГЕЛ,6104,79,0.59,0
63427,БАЗА РКС РУСЕ,ПРЕПАРАТ ЗА МИЕНЕ НА СЪДОВЕ КООП 500 МЛ. ГЕЛ,6104,79,0.51,0
63427,м-н КООП гр. Русе,ПРЕПАРАТ ЗА МИЕНЕ НА СЪДОВЕ КООП 500 МЛ. ГЕЛ,6104,79,0.59,0
02796,м-н КООП с. Басарбово,ЧЕТКА ЗА ЗЪБИ ТРИСА МЕДИУМ,4883,80,1.02,0
07231,м-н КООП с. Бъзън,ЧЕТКА ЗА ЗЪБИ ТРИСА МЕДИУМ,4883,80,1.02,0
56397,м-н КООП с. Пиргово,ЧЕТКА ЗА ЗЪБИ ТРИСА МЕДИУМ,4883,80,1.02,0
65509,м-н КООП с. Сваленик,ЧЕТКА ЗА ЗЪБИ ТРИСА МЕДИУМ,4883,80,1.02,0
66158,м-н КООП с. Семерджиево,ЧЕТКА ЗА ЗЪБИ ТРИСА МЕДИУМ,4883,80,1.02,0
73362,м-н КООП с. Тръстеник,ЧЕТКА ЗА ЗЪБИ ТРИСА МЕДИУМ,4883,80,1.02,0
80460,м-н КООП с. Червена вода,ЧЕТКА ЗА ЗЪБИ ТРИСА МЕДИУМ,4883,80,1.02,0
63427,м-н КООП гр. Русе,ЧЕТКА ЗА ЗЪБИ ТРИСА МЕДИУМ,4883,80,1.02,0
02796,м-н КООП с. Басарбово,ПАСТА ЗА ЗЪБИ КОЛГЕЙТ ТРИПЪЛ 100 МЛ.,2574,81,1.68,0
07231,м-н КООП с. Бъзън,ПАСТА ЗА ЗЪБИ КОЛГЕЙТ ТРИПЪЛ 100 МЛ.,2574,81,1.68,0
56397,м-н КООП с. Пиргово,ПАСТА ЗА ЗЪБИ КОЛГЕЙТ ТРИПЪЛ 100 МЛ.,2574,81,1.68,0
65509,м-н КООП с. Сваленик,ПАСТА ЗА ЗЪБИ КОЛГЕЙТ ТРИПЪЛ 100 МЛ.,2574,81,1.68,0
66158,м-н КООП с. Семерджиево,ПАСТА ЗА ЗЪБИ КОЛГЕЙТ ТРИПЪЛ 100 МЛ.,2574,81,1.68,0
73362,м-н КООП с. Тръстеник,ПАСТА ЗА ЗЪБИ КОЛГЕЙТ ТРИПЪЛ 100 МЛ.,2574,81,1.68,0
80460,м-н КООП с. Червена вода,ПАСТА ЗА ЗЪБИ КОЛГЕЙТ ТРИПЪЛ 100 МЛ.,2574,81,1.68,0
63427,м-н КООП гр. Русе,ПАСТА ЗА ЗЪБИ КОЛГЕЙТ ТРИПЪЛ 100 МЛ.,2574,81,1.68,0
02796,м-н КООП с. Басарбово,ШАМПОАН ТЕО БЮТИ ЛИЛАВ 350 МЛ. ,16782,82,1.94,0
07231,м-н КООП с. Бъзън,ШАМПОАН ТЕО БЮТИ ЛИЛАВ 350 МЛ. ,16782,82,1.94,0
56397,м-н КООП с. Пиргово,ШАМПОАН ТЕО БЮТИ ЛИЛАВ 350 МЛ. ,16782,82,1.94,0
65509,м-н КООП с. Сваленик,ШАМПОАН ТЕО БЮТИ ЛИЛАВ 350 МЛ. ,16782,82,1.94,0
66158,м-н КООП с. Семерджиево,ШАМПОАН ТЕО БЮТИ ЛИЛАВ 350 МЛ. ,16782,82,1.94,0
73362,м-н КООП с. Тръстеник,ШАМПОАН ТЕО БЮТИ ЛИЛАВ 350 МЛ. ,16782,82,1.94,0
80460,м-н КООП с. Червена вода,ШАМПОАН ТЕО БЮТИ ЛИЛАВ 350 МЛ. ,16782,82,1.94,0
63427,м-н КООП гр. Русе,ШАМПОАН ТЕО БЮТИ ЛИЛАВ 350 МЛ. ,16782,82,1.94,0
02796,м-н КООП с. Басарбово,САПУН ДАВ 90 ГР.,6050,83,1.17,0
07231,м-н КООП с. Бъзън,САПУН ДАВ 90 ГР.,6050,83,1.17,0
56397,м-н КООП с. Пиргово,САПУН ДАВ 90 ГР.,6050,83,1.17,0
65509,м-н КООП с. Сваленик,САПУН ДАВ 90 ГР.,6050,83,1.17,0
66158,м-н КООП с. Семерджиево,САПУН ДАВ 90 ГР.,6050,83,1.17,0
73362,м-н КООП с. Тръстеник,САПУН ДАВ 90 ГР.,6050,83,1.17,0
80460,м-н КООП с. Червена вода,САПУН ДАВ 90 ГР.,6050,83,1.17,0
63427,м-н КООП гр. Русе,САПУН ДАВ 90 ГР.,6050,83,1.17,0
02796,м-н КООП с. Басарбово,МИКРИ КЪРПИ КООП ЛАВАНДУЛА 64 БР.,23991,84,1.17,0
07231,м-н КООП с. Бъзън,МИКРИ КЪРПИ КООП ЛАВАНДУЛА 64 БР.,23991,84,1.17,0
56397,м-н КООП с. Пиргово,МИКРИ КЪРПИ КООП ЛАВАНДУЛА 64 БР.,23991,84,1.17,0
65509,м-н КООП с. Сваленик,МИКРИ КЪРПИ КООП ЛАВАНДУЛА 64 БР.,23991,84,1.17,0
66158,м-н КООП с. Семерджиево,МИКРИ КЪРПИ КООП ЛАВАНДУЛА 64 БР.,23991,84,1.17,0
73362,м-н КООП с. Тръстеник,МИКРИ КЪРПИ КООП ЛАВАНДУЛА 64 БР.,23991,84,1.17,0
80460,м-н КООП с. Червена вода,МИКРИ КЪРПИ КООП ЛАВАНДУЛА 64 БР.,23991,84,1.17,0
63427,БАЗА РКС РУСЕ,МИКРИ КЪРПИ КООП ЛАВАНДУЛА 64 БР.,23991,84,0.97,0
63427,м-н КООП гр. Русе,МИКРИ КЪРПИ КООП ЛАВАНДУЛА 64 БР.,23991,84,1.17,0
02796,м-н КООП с. Басарбово,ТОАЛЕТНА ХАРТИЯ КООП 8 РОЛКИ,23941,85,3.06,0
07231,м-н КООП с. Бъзън,ТОАЛЕТНА ХАРТИЯ КООП 8 РОЛКИ,23941,85,3.06,0
56397,м-н КООП с. Пиргово,ТОАЛЕТНА ХАРТИЯ КООП 8 РОЛКИ,23941,85,3.06,0
65509,м-н КООП с. Сваленик,ТОАЛЕТНА ХАРТИЯ КООП 8 РОЛКИ,23941,85,3.06,0
66158,м-н КООП с. Семерджиево,ТОАЛЕТНА ХАРТИЯ КООП 8 РОЛКИ,23941,85,3.06,0
73362,м-н КООП с. Тръстеник,ТОАЛЕТНА ХАРТИЯ КООП 8 РОЛКИ,23941,85,3.06,0
80460,м-н КООП с. Червена вода,ТОАЛЕТНА ХАРТИЯ КООП 8 РОЛКИ,23941,85,3.06,0
63427,БАЗА РКС РУСЕ,ТОАЛЕТНА ХАРТИЯ КООП 8 РОЛКИ,23941,85,2.70,0
63427,м-н КООП гр. Русе,ТОАЛЕТНА ХАРТИЯ КООП 8 РОЛКИ,23941,85,3.06,0
02796,м-н КООП с. Басарбово,МИН ВОДА ГОРНА БАНЯ КООП СТЕК 5+1 1.5Л,2720,73,2.55,0
07231,м-н КООП с. Бъзън,МИН ВОДА ГОРНА БАНЯ КООП СТЕК 5+1 1.5Л,2720,73,2.55,0
56397,м-н КООП с. Пиргово,МИН ВОДА ГОРНА БАНЯ КООП СТЕК 5+1 1.5Л,2720,73,2.55,0
65509,м-н КООП с. Сваленик,МИН ВОДА ГОРНА БАНЯ КООП СТЕК 5+1 1.5Л,2720,73,2.55,0
66158,м-н КООП с. Семерджиево,МИН ВОДА ГОРНА БАНЯ КООП СТЕК 5+1 1.5Л,2720,73,2.55,0
73362,м-н КООП с. Тръстеник,МИН ВОДА ГОРНА БАНЯ КООП СТЕК 5+1 1.5Л,2720,73,2.55,0
80460,м-н КООП с. Червена вода,МИН ВОДА ГОРНА БАНЯ КООП СТЕК 5+1 1.5Л,2720,73,2.55,0
63427,м-н КООП гр. Русе,МИН ВОДА ГОРНА БАНЯ КООП СТЕК 5+1 1.5Л,2720,73,2.55,0
63427,БАЗА РКС РУСЕ,МИН ВОДА ГОРНА БАНЯ КООП СТЕК 5+1 1.5Л,2720,73,2.15,0
