"Населено място","Търговски обект","Наименование на продукта","Код на продукта","Категория","Цена на дребно","Цена в промоция"
"68134","Алкохол и Цигари-Кръстьо Пастухов 69","бисквити житен дар 120гр","20001","66","0.87","0"
"68134","Алкохол и Цигари-Димитър Пешев 501","бисквити житен дар 120гр","20001","66","0.87","0"
"68134","Алкохол и Цигари-Александър Балан 207","бисквити житен дар 120гр","20001","66","0.87","0"
"68134","Алкохол и Цигари-Луи Пастьор  102","бисквити житен дар 120гр","20001","66","0.87","0"
"68134","Алкохол и Цигари-Атанас Москов 437","бисквити житен дар 120гр","20001","66","0.87","0"
"68134","Алкохол и Цигари-Тирана 1","бисквити житен дар 120гр","20001","66","0.87","0"
"68134","Алкохол и Цигари - Цветан Лазаров","бисквити житен дар 120гр","20001","66","0.87","0"
"68134","Алкохол и Цигари-Кръстьо Пастухов 69","бисквити житен дар 230гр.","20002","66","1.38","0"
"68134","Алкохол и Цигари-Димитър Пешев 501","бисквити житен дар 230гр.","20002","66","1.38","0"
"68134","Алкохол и Цигари-Александър Балан 207","бисквити житен дар 230гр.","20002","66","1.38","0"
"68134","Алкохол и Цигари-Луи Пастьор  102","бисквити житен дар 230гр.","20002","66","1.38","0"
"68134","Алкохол и Цигари-Атанас Москов 437","бисквити житен дар 230гр.","20002","66","1.38","0"
"68134","Алкохол и Цигари-Тирана 1","бисквити житен дар 230гр.","20002","66","1.38","0"
"68134","Алкохол и Цигари - Цветан Лазаров","бисквити житен дар 230гр.","20002","66","1.38","0"
"68134","Алкохол и Цигари-Кръстьо Пастухов 69","кроасани 7дейс 92гр.","20003","67","0.87","0"
"68134","Алкохол и Цигари-Димитър Пешев 501","кроасани 7дейс 92гр.","20003","67","0.87","0"
"68134","Алкохол и Цигари-Александър Балан 207","кроасани 7дейс 92гр.","20003","67","0.87","0"
"68134","Алкохол и Цигари-Луи Пастьор  102","кроасани 7дейс 92гр.","20003","67","0.87","0"
"68134","Алкохол и Цигари-Атанас Москов 437","кроасани 7дейс 92гр.","20003","67","0.87","0"
"68134","Алкохол и Цигари-Тирана 1","кроасани 7дейс 92гр.","20003","67","0.87","0"
"68134","Алкохол и Цигари - Цветан Лазаров","кроасани 7дейс 92гр.","20003","67","0.87","0"
"68134","Алкохол и Цигари-Кръстьо Пастухов 69","кроасани лото 110гр","20004","67","0.87","0"
"68134","Алкохол и Цигари-Димитър Пешев 501","кроасани лото 110гр","20004","67","0.87","0"
"68134","Алкохол и Цигари-Александър Балан 207","кроасани лото 110гр","20004","67","0.87","0"
"68134","Алкохол и Цигари-Луи Пастьор  102","кроасани лото 110гр","20004","67","0.87","0"
"68134","Алкохол и Цигари-Атанас Москов 437","кроасани лото 110гр","20004","67","0.87","0"
"68134","Алкохол и Цигари-Тирана 1","кроасани лото 110гр","20004","67","0.87","0"
"68134","Алкохол и Цигари - Цветан Лазаров","кроасани лото 110гр","20004","67","0.87","0"
"68134","Алкохол и Цигари-Кръстьо Пастухов 69","кроасани мини мини 60гр","20005","67","0.92","0"
"68134","Алкохол и Цигари-Димитър Пешев 501","кроасани мини мини 60гр","20005","67","0.92","0"
"68134","Алкохол и Цигари-Александър Балан 207","кроасани мини мини 60гр","20005","67","0.92","0"
"68134","Алкохол и Цигари-Луи Пастьор  102","кроасани мини мини 60гр","20005","67","0.92","0"
"68134","Алкохол и Цигари-Атанас Москов 437","кроасани мини мини 60гр","20005","67","0.92","0"
"68134","Алкохол и Цигари-Тирана 1","кроасани мини мини 60гр","20005","67","0.92","0"
"68134","Алкохол и Цигари - Цветан Лазаров","кроасани мини мини 60гр","20005","67","0.92","0"
"68134","Алкохол и Цигари-Кръстьо Пастухов 69","шоколад фин млечен 80гр.","20006","69","1.43","0"
"68134","Алкохол и Цигари-Димитър Пешев 501","шоколад фин млечен 80гр.","20006","69","1.43","0"
"68134","Алкохол и Цигари-Александър Балан 207","шоколад фин млечен 80гр.","20006","69","1.43","0"
"68134","Алкохол и Цигари-Луи Пастьор  102","шоколад фин млечен 80гр.","20006","69","1.43","0"
"68134","Алкохол и Цигари-Атанас Москов 437","шоколад фин млечен 80гр.","20006","69","1.43","0"
"68134","Алкохол и Цигари-Тирана 1","шоколад фин млечен 80гр.","20006","69","1.43","0"
"68134","Алкохол и Цигари - Цветан Лазаров","шоколад фин млечен 80гр.","20006","69","1.43","0"
"68134","Алкохол и Цигари-Кръстьо Пастухов 69","кафе нова бразилия 200гр.","20007","70","4.35","0"
"68134","Алкохол и Цигари-Димитър Пешев 501","кафе нова бразилия 200гр.","20007","70","4.35","0"
"68134","Алкохол и Цигари-Александър Балан 207","кафе нова бразилия 200гр.","20007","70","4.35","0"
"68134","Алкохол и Цигари-Луи Пастьор  102","кафе нова бразилия 200гр.","20007","70","4.35","0"
"68134","Алкохол и Цигари-Атанас Москов 437","кафе нова бразилия 200гр.","20007","70","4.35","0"
"68134","Алкохол и Цигари-Тирана 1","кафе нова бразилия 200гр.","20007","70","4.35","0"
"68134","Алкохол и Цигари - Цветан Лазаров","кафе нова бразилия 200гр.","20007","70","4.35","0"
"68134","Алкохол и Цигари-Кръстьо Пастухов 69","минерална вода девин 1бр. 1.5л.","20008","73","0.61","0"
"68134","Алкохол и Цигари-Димитър Пешев 501","минерална вода девин 1бр. 1.5л.","20008","73","0.61","0"
"68134","Алкохол и Цигари-Александър Балан 207","минерална вода девин 1бр. 1.5л.","20008","73","0.61","0"
"68134","Алкохол и Цигари-Луи Пастьор  102","минерална вода девин 1бр. 1.5л.","20008","73","0.61","0"
"68134","Алкохол и Цигари-Атанас Москов 437","минерална вода девин 1бр. 1.5л.","20008","73","0.61","0"
"68134","Алкохол и Цигари-Тирана 1","минерална вода девин 1бр. 1.5л.","20008","73","0.61","0"
"68134","Алкохол и Цигари - Цветан Лазаров","минерална вода девин 1бр. 1.5л.","20008","73","0.61","0"
"68134","Алкохол и Цигари-Кръстьо Пастухов 69","минерална вода банкя 1бр. 1.5л.","20009","73","0.72","0"
"68134","Алкохол и Цигари-Димитър Пешев 501","минерална вода банкя 1бр. 1.5л.","20009","73","0.72","0"
"68134","Алкохол и Цигари-Александър Балан 207","минерална вода банкя 1бр. 1.5л.","20009","73","0.72","0"
"68134","Алкохол и Цигари-Луи Пастьор  102","минерална вода банкя 1бр. 1.5л.","20009","73","0.72","0"
"68134","Алкохол и Цигари-Атанас Москов 437","минерална вода банкя 1бр. 1.5л.","20009","73","0.72","0"
"68134","Алкохол и Цигари-Тирана 1","минерална вода банкя 1бр. 1.5л.","20009","73","0.72","0"
"68134","Алкохол и Цигари - Цветан Лазаров","минерална вода банкя 1бр. 1.5л.","20009","73","0.72","0"
"68134","Алкохол и Цигари-Кръстьо Пастухов 69","минерална вода роса 1бр. 1.5л.","20010","73","0.72","0"
"68134","Алкохол и Цигари-Димитър Пешев 501","минерална вода роса 1бр. 1.5л.","20010","73","0.72","0"
"68134","Алкохол и Цигари-Александър Балан 207","минерална вода роса 1бр. 1.5л.","20010","73","0.72","0"
"68134","Алкохол и Цигари-Луи Пастьор  102","минерална вода роса 1бр. 1.5л.","20010","73","0.72","0"
"68134","Алкохол и Цигари-Атанас Москов 437","минерална вода роса 1бр. 1.5л.","20010","73","0.72","0"
"68134","Алкохол и Цигари-Тирана 1","минерална вода роса 1бр. 1.5л.","20010","73","0.72","0"
"68134","Алкохол и Цигари - Цветан Лазаров","минерална вода роса 1бр. 1.5л.","20010","73","0.72","0"
"68134","Алкохол и Цигари-Кръстьо Пастухов 69","светла бира загорка 2л.","20011","74","1.64","0"
"68134","Алкохол и Цигари-Димитър Пешев 501","светла бира загорка 2л.","20011","74","1.64","0"
"68134","Алкохол и Цигари-Александър Балан 207","светла бира загорка 2л.","20011","74","1.64","0"
"68134","Алкохол и Цигари-Луи Пастьор  102","светла бира загорка 2л.","20011","74","1.64","0"
"68134","Алкохол и Цигари-Атанас Москов 437","светла бира загорка 2л.","20011","74","1.64","0"
"68134","Алкохол и Цигари-Тирана 1","светла бира загорка 2л.","20011","74","1.64","0"
"68134","Алкохол и Цигари - Цветан Лазаров","светла бира загорка 2л.","20011","74","1.64","0"
"68134","Алкохол и Цигари-Кръстьо Пастухов 69","светла бира астика 2л.","20012","74","1.48","0"
"68134","Алкохол и Цигари-Димитър Пешев 501","светла бира астика 2л.","20012","74","1.48","0"
"68134","Алкохол и Цигари-Александър Балан 207","светла бира астика 2л.","20012","74","1.48","0"
"68134","Алкохол и Цигари-Луи Пастьор  102","светла бира астика 2л.","20012","74","1.48","0"
"68134","Алкохол и Цигари-Атанас Москов 437","светла бира астика 2л.","20012","74","1.48","0"
"68134","Алкохол и Цигари-Тирана 1","светла бира астика 2л.","20012","74","1.48","0"
"68134","Алкохол и Цигари - Цветан Лазаров","светла бира астика 2л.","20012","74","1.48","0"
"68134","Алкохол и Цигари-Кръстьо Пастухов 69","бяло вино верано азур  750л.","20013","75","6.19","0"
"68134","Алкохол и Цигари-Димитър Пешев 501","бяло вино верано азур  750л.","20013","75","6.19","0"
"68134","Алкохол и Цигари-Александър Балан 207","бяло вино верано азур  750л.","20013","75","6.19","0"
"68134","Алкохол и Цигари-Луи Пастьор  102","бяло вино верано азур  750л.","20013","75","6.19","0"
"68134","Алкохол и Цигари-Атанас Москов 437","бяло вино верано азур  750л.","20013","75","6.19","0"
"68134","Алкохол и Цигари-Тирана 1","бяло вино верано азур  750л.","20013","75","6.19","0"
"68134","Алкохол и Цигари - Цветан Лазаров","бяло вино верано азур  750л.","20013","75","6.19","0"
"68134","Алкохол и Цигари-Кръстьо Пастухов 69","бяло вино верано азур фюжън 750л.","20014","75","4.49","0"
"68134","Алкохол и Цигари-Димитър Пешев 501","бяло вино верано азур фюжън 750л.","20014","75","4.49","0"
"68134","Алкохол и Цигари-Александър Балан 207","бяло вино верано азур фюжън 750л.","20014","75","4.49","0"
"68134","Алкохол и Цигари-Луи Пастьор  102","бяло вино верано азур фюжън 750л.","20014","75","4.49","0"
"68134","Алкохол и Цигари-Атанас Москов 437","бяло вино верано азур фюжън 750л.","20014","75","4.49","0"
"68134","Алкохол и Цигари-Тирана 1","бяло вино верано азур фюжън 750л.","20014","75","4.49","0"
"68134","Алкохол и Цигари - Цветан Лазаров","бяло вино верано азур фюжън 750л.","20014","75","4.49","0"
"68134","Алкохол и Цигари-Кръстьо Пастухов 69","вино логодаж пино гриджо 750.л","20088","75","5.37","0"
"68134","Алкохол и Цигари-Димитър Пешев 501","вино логодаж пино гриджо 750.л","20088","75","5.37","0"
"68134","Алкохол и Цигари-Александър Балан 207","вино логодаж пино гриджо 750.л","20088","75","5.37","0"
"68134","Алкохол и Цигари-Луи Пастьор  102","вино логодаж пино гриджо 750.л","20088","75","5.37","0"
"68134","Алкохол и Цигари-Атанас Москов 437","вино логодаж пино гриджо 750.л","20088","75","5.37","0"
"68134","Алкохол и Цигари-Тирана 1","вино логодаж пино гриджо 750.л","20088","75","5.37","0"
"68134","Алкохол и Цигари - Цветан Лазаров","вино логодаж пино гриджо 750.л","20088","75","5.37","0"
"68134","Алкохол и Цигари-Кръстьо Пастухов 69","логодаж нобиле 750л.","20089","75","6.85","0"
"68134","Алкохол и Цигари-Димитър Пешев 501","логодаж нобиле 750л.","20089","75","6.85","0"
"68134","Алкохол и Цигари-Александър Балан 207","логодаж нобиле 750л.","20089","75","6.85","0"
"68134","Алкохол и Цигари-Луи Пастьор  102","логодаж нобиле 750л.","20089","75","6.85","0"
"68134","Алкохол и Цигари-Атанас Москов 437","логодаж нобиле 750л.","20089","75","6.85","0"
"68134","Алкохол и Цигари-Тирана 1","логодаж нобиле 750л.","20089","75","6.85","0"
"68134","Алкохол и Цигари - Цветан Лазаров","логодаж нобиле 750л.","20089","75","6.85","0"
"68134","Алкохол и Цигари-Кръстьо Пастухов 69","вино логодаж совиньон блан 750л.","20015","75","5.37","0"
"68134","Алкохол и Цигари-Димитър Пешев 501","вино логодаж совиньон блан 750л.","20015","75","5.37","0"
"68134","Алкохол и Цигари-Александър Балан 207","вино логодаж совиньон блан 750л.","20015","75","5.37","0"
"68134","Алкохол и Цигари-Луи Пастьор  102","вино логодаж совиньон блан 750л.","20015","75","5.37","0"
"68134","Алкохол и Цигари-Атанас Москов 437","вино логодаж совиньон блан 750л.","20015","75","5.37","0"
"68134","Алкохол и Цигари-Тирана 1","вино логодаж совиньон блан 750л.","20015","75","5.37","0"
"68134","Алкохол и Цигари - Цветан Лазаров","вино логодаж совиньон блан 750л.","20015","75","5.37","0"
"68134","Алкохол и Цигари-Кръстьо Пастухов 69","бяло вино сайкъл 750л.","20097","75","5.88","0"
"68134","Алкохол и Цигари-Димитър Пешев 501","бяло вино сайкъл 750л.","20097","75","5.88","0"
"68134","Алкохол и Цигари-Александър Балан 207","бяло вино сайкъл 750л.","20097","75","5.88","0"
"68134","Алкохол и Цигари-Луи Пастьор  102","бяло вино сайкъл 750л.","20097","75","5.88","0"
"68134","Алкохол и Цигари-Атанас Москов 437","бяло вино сайкъл 750л.","20097","75","5.88","0"
"68134","Алкохол и Цигари-Тирана 1","бяло вино сайкъл 750л.","20097","75","5.88","0"
"68134","Алкохол и Цигари - Цветан Лазаров","бяло вино сайкъл 750л.","20097","75","5.88","0"
"68134","Алкохол и Цигари-Кръстьо Пастухов 69","бяло вино кабиле 750л","20090","75","6.6","0"
"68134","Алкохол и Цигари-Димитър Пешев 501","бяло вино кабиле 750л","20090","75","6.6","0"
"68134","Алкохол и Цигари-Александър Балан 207","бяло вино кабиле 750л","20090","75","6.6","0"
"68134","Алкохол и Цигари-Луи Пастьор  102","бяло вино кабиле 750л","20090","75","6.6","0"
"68134","Алкохол и Цигари-Атанас Москов 437","бяло вино кабиле 750л","20090","75","6.6","0"
"68134","Алкохол и Цигари-Тирана 1","бяло вино кабиле 750л","20090","75","6.6","0"
"68134","Алкохол и Цигари - Цветан Лазаров","бяло вино кабиле 750л","20090","75","6.6","0"
"68134","Алкохол и Цигари-Кръстьо Пастухов 69","бяло вино менада 750л.","20016","75","4.65","0"
"68134","Алкохол и Цигари-Димитър Пешев 501","бяло вино менада 750л.","20016","75","4.65","0"
"68134","Алкохол и Цигари-Александър Балан 207","бяло вино менада 750л.","20016","75","4.65","0"
"68134","Алкохол и Цигари-Луи Пастьор  102","бяло вино менада 750л.","20016","75","4.65","0"
"68134","Алкохол и Цигари-Атанас Москов 437","бяло вино менада 750л.","20016","75","4.65","0"
"68134","Алкохол и Цигари-Тирана 1","бяло вино менада 750л.","20016","75","4.65","0"
"68134","Алкохол и Цигари - Цветан Лазаров","бяло вино менада 750л.","20016","75","4.65","0"
"68134","Алкохол и Цигари-Кръстьо Пастухов 69","бяло вино вила ямбол 750л.","20017","75","4.35","0"
"68134","Алкохол и Цигари-Димитър Пешев 501","бяло вино вила ямбол 750л.","20017","75","4.35","0"
"68134","Алкохол и Цигари-Александър Балан 207","бяло вино вила ямбол 750л.","20017","75","4.35","0"
"68134","Алкохол и Цигари-Луи Пастьор  102","бяло вино вила ямбол 750л.","20017","75","4.35","0"
"68134","Алкохол и Цигари-Атанас Москов 437","бяло вино вила ямбол 750л.","20017","75","4.35","0"
"68134","Алкохол и Цигари-Тирана 1","бяло вино вила ямбол 750л.","20017","75","4.35","0"
"68134","Алкохол и Цигари - Цветан Лазаров","бяло вино вила ямбол 750л.","20017","75","4.35","0"
"68134","Алкохол и Цигари-Кръстьо Пастухов 69","бяло вино дом.бояр пърл лайт 750л.","20018","75","8.85","0"
"68134","Алкохол и Цигари-Димитър Пешев 501","бяло вино дом.бояр пърл лайт 750л.","20018","75","8.85","0"
"68134","Алкохол и Цигари-Александър Балан 207","бяло вино дом.бояр пърл лайт 750л.","20018","75","8.85","0"
"68134","Алкохол и Цигари-Луи Пастьор  102","бяло вино дом.бояр пърл лайт 750л.","20018","75","8.85","0"
"68134","Алкохол и Цигари-Атанас Москов 437","бяло вино дом.бояр пърл лайт 750л.","20018","75","8.85","0"
"68134","Алкохол и Цигари-Тирана 1","бяло вино дом.бояр пърл лайт 750л.","20018","75","8.85","0"
"68134","Алкохол и Цигари - Цветан Лазаров","бяло вино дом.бояр пърл лайт 750л.","20018","75","8.85","0"
"68134","Алкохол и Цигари-Кръстьо Пастухов 69","фрутино бяло 750л.","20019","75","4.35","0"
"68134","Алкохол и Цигари-Димитър Пешев 501","фрутино бяло 750л.","20019","75","4.35","0"
"68134","Алкохол и Цигари-Александър Балан 207","фрутино бяло 750л.","20019","75","4.35","0"
"68134","Алкохол и Цигари-Луи Пастьор  102","фрутино бяло 750л.","20019","75","4.35","0"
"68134","Алкохол и Цигари-Атанас Москов 437","фрутино бяло 750л.","20019","75","4.35","0"
"68134","Алкохол и Цигари-Тирана 1","фрутино бяло 750л.","20019","75","4.35","0"
"68134","Алкохол и Цигари - Цветан Лазаров","фрутино бяло 750л.","20019","75","4.35","0"
"68134","Алкохол и Цигари-Кръстьо Пастухов 69","квантум бяло 750л.","20020","75","5.88","0"
"68134","Алкохол и Цигари-Димитър Пешев 501","квантум бяло 750л.","20020","75","5.88","0"
"68134","Алкохол и Цигари-Александър Балан 207","квантум бяло 750л.","20020","75","5.88","0"
"68134","Алкохол и Цигари-Луи Пастьор  102","квантум бяло 750л.","20020","75","5.88","0"
"68134","Алкохол и Цигари-Атанас Москов 437","квантум бяло 750л.","20020","75","5.88","0"
"68134","Алкохол и Цигари-Тирана 1","квантум бяло 750л.","20020","75","5.88","0"
"68134","Алкохол и Цигари - Цветан Лазаров","квантум бяло 750л.","20020","75","5.88","0"
"68134","Алкохол и Цигари-Кръстьо Пастухов 69","мидалидаре совинйон барел 750л.","20021","75","12.68","0"
"68134","Алкохол и Цигари-Димитър Пешев 501","мидалидаре совинйон барел 750л.","20021","75","12.68","0"
"68134","Алкохол и Цигари-Александър Балан 207","мидалидаре совинйон барел 750л.","20021","75","12.68","0"
"68134","Алкохол и Цигари-Луи Пастьор  102","мидалидаре совинйон барел 750л.","20021","75","12.68","0"
"68134","Алкохол и Цигари-Атанас Москов 437","мидалидаре совинйон барел 750л.","20021","75","12.68","0"
"68134","Алкохол и Цигари-Тирана 1","мидалидаре совинйон барел 750л.","20021","75","12.68","0"
"68134","Алкохол и Цигари - Цветан Лазаров","мидалидаре совинйон барел 750л.","20021","75","12.68","0"
"68134","Алкохол и Цигари-Кръстьо Пастухов 69","мидалидаре премиум 750л.","20022","75","10.48","0"
"68134","Алкохол и Цигари-Димитър Пешев 501","мидалидаре премиум 750л.","20022","75","10.48","0"
"68134","Алкохол и Цигари-Александър Балан 207","мидалидаре премиум 750л.","20022","75","10.48","0"
"68134","Алкохол и Цигари-Луи Пастьор  102","мидалидаре премиум 750л.","20022","75","10.48","0"
"68134","Алкохол и Цигари-Атанас Москов 437","мидалидаре премиум 750л.","20022","75","10.48","0"
"68134","Алкохол и Цигари-Тирана 1","мидалидаре премиум 750л.","20022","75","10.48","0"
"68134","Алкохол и Цигари - Цветан Лазаров","мидалидаре премиум 750л.","20022","75","10.48","0"
"68134","Алкохол и Цигари-Кръстьо Пастухов 69","мидалидаре совнйон и семилйон 750л.","20023","75","8.79","0"
"68134","Алкохол и Цигари-Димитър Пешев 501","мидалидаре совнйон и семилйон 750л.","20023","75","8.79","0"
"68134","Алкохол и Цигари-Александър Балан 207","мидалидаре совнйон и семилйон 750л.","20023","75","8.79","0"
"68134","Алкохол и Цигари-Луи Пастьор  102","мидалидаре совнйон и семилйон 750л.","20023","75","8.79","0"
"68134","Алкохол и Цигари-Атанас Москов 437","мидалидаре совнйон и семилйон 750л.","20023","75","8.79","0"
"68134","Алкохол и Цигари-Тирана 1","мидалидаре совнйон и семилйон 750л.","20023","75","8.79","0"
"68134","Алкохол и Цигари - Цветан Лазаров","мидалидаре совнйон и семилйон 750л.","20023","75","8.79","0"
"68134","Алкохол и Цигари-Кръстьо Пастухов 69","мидалидаре силвър енджъл 750л.","20024","75","7.31","0"
"68134","Алкохол и Цигари-Димитър Пешев 501","мидалидаре силвър енджъл 750л.","20024","75","7.31","0"
"68134","Алкохол и Цигари-Александър Балан 207","мидалидаре силвър енджъл 750л.","20024","75","7.31","0"
"68134","Алкохол и Цигари-Луи Пастьор  102","мидалидаре силвър енджъл 750л.","20024","75","7.31","0"
"68134","Алкохол и Цигари-Атанас Москов 437","мидалидаре силвър енджъл 750л.","20024","75","7.31","0"
"68134","Алкохол и Цигари-Тирана 1","мидалидаре силвър енджъл 750л.","20024","75","7.31","0"
"68134","Алкохол и Цигари - Цветан Лазаров","мидалидаре силвър енджъл 750л.","20024","75","7.31","0"
"68134","Алкохол и Цигари-Кръстьо Пастухов 69","карпе дием лайт 750л.","20025","75","5.98","0"
"68134","Алкохол и Цигари-Димитър Пешев 501","карпе дием лайт 750л.","20025","75","5.98","0"
"68134","Алкохол и Цигари-Александър Балан 207","карпе дием лайт 750л.","20025","75","5.98","0"
"68134","Алкохол и Цигари-Луи Пастьор  102","карпе дием лайт 750л.","20025","75","5.98","0"
"68134","Алкохол и Цигари-Атанас Москов 437","карпе дием лайт 750л.","20025","75","5.98","0"
"68134","Алкохол и Цигари-Тирана 1","карпе дием лайт 750л.","20025","75","5.98","0"
"68134","Алкохол и Цигари - Цветан Лазаров","карпе дием лайт 750л.","20025","75","5.98","0"
"68134","Алкохол и Цигари-Кръстьо Пастухов 69","старосел милезим бяло 750л.","20026","75","11.45","0"
"68134","Алкохол и Цигари-Димитър Пешев 501","старосел милезим бяло 750л.","20026","75","11.45","0"
"68134","Алкохол и Цигари-Александър Балан 207","старосел милезим бяло 750л.","20026","75","11.45","0"
"68134","Алкохол и Цигари-Луи Пастьор  102","старосел милезим бяло 750л.","20026","75","11.45","0"
"68134","Алкохол и Цигари-Атанас Москов 437","старосел милезим бяло 750л.","20026","75","11.45","0"
"68134","Алкохол и Цигари-Тирана 1","старосел милезим бяло 750л.","20026","75","11.45","0"
"68134","Алкохол и Цигари - Цветан Лазаров","старосел милезим бяло 750л.","20026","75","11.45","0"
"68134","Алкохол и Цигари-Кръстьо Пастухов 69","старосел мускат 750л.","20027","75","9.0","0"
"68134","Алкохол и Цигари-Димитър Пешев 501","старосел мускат 750л.","20027","75","9.0","0"
"68134","Алкохол и Цигари-Александър Балан 207","старосел мускат 750л.","20027","75","9.0","0"
"68134","Алкохол и Цигари-Луи Пастьор  102","старосел мускат 750л.","20027","75","9.0","0"
"68134","Алкохол и Цигари-Атанас Москов 437","старосел мускат 750л.","20027","75","9.0","0"
"68134","Алкохол и Цигари-Тирана 1","старосел мускат 750л.","20027","75","9.0","0"
"68134","Алкохол и Цигари - Цветан Лазаров","старосел мускат 750л.","20027","75","9.0","0"
"68134","Алкохол и Цигари-Кръстьо Пастухов 69","старосел сов блан 750л.","20028","75","9.97","0"
"68134","Алкохол и Цигари-Димитър Пешев 501","старосел сов блан 750л.","20028","75","9.97","0"
"68134","Алкохол и Цигари-Александър Балан 207","старосел сов блан 750л.","20028","75","9.97","0"
"68134","Алкохол и Цигари-Луи Пастьор  102","старосел сов блан 750л.","20028","75","9.97","0"
"68134","Алкохол и Цигари-Атанас Москов 437","старосел сов блан 750л.","20028","75","9.97","0"
"68134","Алкохол и Цигари-Тирана 1","старосел сов блан 750л.","20028","75","9.97","0"
"68134","Алкохол и Цигари - Цветан Лазаров","старосел сов блан 750л.","20028","75","9.97","0"
"68134","Алкохол и Цигари-Кръстьо Пастухов 69","старосел шардоне и мускат 750л.","20029","75","8.49","0"
"68134","Алкохол и Цигари-Димитър Пешев 501","старосел шардоне и мускат 750л.","20029","75","8.49","0"
"68134","Алкохол и Цигари-Александър Балан 207","старосел шардоне и мускат 750л.","20029","75","8.49","0"
"68134","Алкохол и Цигари-Луи Пастьор  102","старосел шардоне и мускат 750л.","20029","75","8.49","0"
"68134","Алкохол и Цигари-Атанас Москов 437","старосел шардоне и мускат 750л.","20029","75","8.49","0"
"68134","Алкохол и Цигари-Тирана 1","старосел шардоне и мускат 750л.","20029","75","8.49","0"
"68134","Алкохол и Цигари - Цветан Лазаров","старосел шардоне и мускат 750л.","20029","75","8.49","0"
"68134","Алкохол и Цигари-Кръстьо Пастухов 69","черга бяло 750л.","20030","75","6.19","0"
"68134","Алкохол и Цигари-Димитър Пешев 501","черга бяло 750л.","20030","75","6.19","0"
"68134","Алкохол и Цигари-Александър Балан 207","черга бяло 750л.","20030","75","6.19","0"
"68134","Алкохол и Цигари-Луи Пастьор  102","черга бяло 750л.","20030","75","6.19","0"
"68134","Алкохол и Цигари-Атанас Москов 437","черга бяло 750л.","20030","75","6.19","0"
"68134","Алкохол и Цигари-Тирана 1","черга бяло 750л.","20030","75","6.19","0"
"68134","Алкохол и Цигари - Цветан Лазаров","черга бяло 750л.","20030","75","6.19","0"
"68134","Алкохол и Цигари-Кръстьо Пастухов 69","вила ямбол мерло 750л.","20091","76","4.35","0"
"68134","Алкохол и Цигари-Димитър Пешев 501","вила ямбол мерло 750л.","20091","76","4.35","0"
"68134","Алкохол и Цигари-Александър Балан 207","вила ямбол мерло 750л.","20091","76","4.35","0"
"68134","Алкохол и Цигари-Луи Пастьор  102","вила ямбол мерло 750л.","20091","76","4.35","0"
"68134","Алкохол и Цигари-Атанас Москов 437","вила ямбол мерло 750л.","20091","76","4.35","0"
"68134","Алкохол и Цигари-Тирана 1","вила ямбол мерло 750л.","20091","76","4.35","0"
"68134","Алкохол и Цигари - Цветан Лазаров","вила ямбол мерло 750л.","20091","76","4.35","0"
"68134","Алкохол и Цигари-Кръстьо Пастухов 69","вила ямбол каберне вино 750л.","20031","76","4.35","0"
"68134","Алкохол и Цигари-Димитър Пешев 501","вила ямбол каберне вино 750л.","20031","76","4.35","0"
"68134","Алкохол и Цигари-Александър Балан 207","вила ямбол каберне вино 750л.","20031","76","4.35","0"
"68134","Алкохол и Цигари-Луи Пастьор  102","вила ямбол каберне вино 750л.","20031","76","4.35","0"
"68134","Алкохол и Цигари-Атанас Москов 437","вила ямбол каберне вино 750л.","20031","76","4.35","0"
"68134","Алкохол и Цигари-Тирана 1","вила ямбол каберне вино 750л.","20031","76","4.35","0"
"68134","Алкохол и Цигари - Цветан Лазаров","вила ямбол каберне вино 750л.","20031","76","4.35","0"
"68134","Алкохол и Цигари-Кръстьо Пастухов 69","менада мавруд вино 750л.","20032","76","4.65","0"
"68134","Алкохол и Цигари-Димитър Пешев 501","менада мавруд вино 750л.","20032","76","4.65","0"
"68134","Алкохол и Цигари-Александър Балан 207","менада мавруд вино 750л.","20032","76","4.65","0"
"68134","Алкохол и Цигари-Луи Пастьор  102","менада мавруд вино 750л.","20032","76","4.65","0"
"68134","Алкохол и Цигари-Атанас Москов 437","менада мавруд вино 750л.","20032","76","4.65","0"
"68134","Алкохол и Цигари-Тирана 1","менада мавруд вино 750л.","20032","76","4.65","0"
"68134","Алкохол и Цигари - Цветан Лазаров","менада мавруд вино 750л.","20032","76","4.65","0"
"68134","Алкохол и Цигари-Кръстьо Пастухов 69","менада мерло вино 750л.","20092","76","4.65","0"
"68134","Алкохол и Цигари-Димитър Пешев 501","менада мерло вино 750л.","20092","76","4.65","0"
"68134","Алкохол и Цигари-Александър Балан 207","менада мерло вино 750л.","20092","76","4.65","0"
"68134","Алкохол и Цигари-Луи Пастьор  102","менада мерло вино 750л.","20092","76","4.65","0"
"68134","Алкохол и Цигари-Атанас Москов 437","менада мерло вино 750л.","20092","76","4.65","0"
"68134","Алкохол и Цигари-Тирана 1","менада мерло вино 750л.","20092","76","4.65","0"
"68134","Алкохол и Цигари - Цветан Лазаров","менада мерло вино 750л.","20092","76","4.65","0"
"68134","Алкохол и Цигари-Кръстьо Пастухов 69","менада каберне 750л.","20093","76","4.65","0"
"68134","Алкохол и Цигари-Димитър Пешев 501","менада каберне 750л.","20093","76","4.65","0"
"68134","Алкохол и Цигари-Александър Балан 207","менада каберне 750л.","20093","76","4.65","0"
"68134","Алкохол и Цигари-Луи Пастьор  102","менада каберне 750л.","20093","76","4.65","0"
"68134","Алкохол и Цигари-Атанас Москов 437","менада каберне 750л.","20093","76","4.65","0"
"68134","Алкохол и Цигари-Тирана 1","менада каберне 750л.","20093","76","4.65","0"
"68134","Алкохол и Цигари - Цветан Лазаров","менада каберне 750л.","20093","76","4.65","0"
"68134","Алкохол и Цигари-Кръстьо Пастухов 69","мидалидаре енджъл сира 750л.","20033","76","7.31","0"
"68134","Алкохол и Цигари-Димитър Пешев 501","мидалидаре енджъл сира 750л.","20033","76","7.31","0"
"68134","Алкохол и Цигари-Александър Балан 207","мидалидаре енджъл сира 750л.","20033","76","7.31","0"
"68134","Алкохол и Цигари-Луи Пастьор  102","мидалидаре енджъл сира 750л.","20033","76","7.31","0"
"68134","Алкохол и Цигари-Атанас Москов 437","мидалидаре енджъл сира 750л.","20033","76","7.31","0"
"68134","Алкохол и Цигари-Тирана 1","мидалидаре енджъл сира 750л.","20033","76","7.31","0"
"68134","Алкохол и Цигари - Цветан Лазаров","мидалидаре енджъл сира 750л.","20033","76","7.31","0"
"68134","Алкохол и Цигари-Кръстьо Пастухов 69","червено вино кабиле сира 750л.","20034","76","6.6","0"
"68134","Алкохол и Цигари-Димитър Пешев 501","червено вино кабиле сира 750л.","20034","76","6.6","0"
"68134","Алкохол и Цигари-Александър Балан 207","червено вино кабиле сира 750л.","20034","76","6.6","0"
"68134","Алкохол и Цигари-Луи Пастьор  102","червено вино кабиле сира 750л.","20034","76","6.6","0"
"68134","Алкохол и Цигари-Атанас Москов 437","червено вино кабиле сира 750л.","20034","76","6.6","0"
"68134","Алкохол и Цигари-Тирана 1","червено вино кабиле сира 750л.","20034","76","6.6","0"
"68134","Алкохол и Цигари - Цветан Лазаров","червено вино кабиле сира 750л.","20034","76","6.6","0"
"68134","Алкохол и Цигари-Кръстьо Пастухов 69","червено вино кабиле резерва 750л.","20035","76","8.54","0"
"68134","Алкохол и Цигари-Димитър Пешев 501","червено вино кабиле резерва 750л.","20035","76","8.54","0"
"68134","Алкохол и Цигари-Александър Балан 207","червено вино кабиле резерва 750л.","20035","76","8.54","0"
"68134","Алкохол и Цигари-Луи Пастьор  102","червено вино кабиле резерва 750л.","20035","76","8.54","0"
"68134","Алкохол и Цигари-Атанас Москов 437","червено вино кабиле резерва 750л.","20035","76","8.54","0"
"68134","Алкохол и Цигари-Тирана 1","червено вино кабиле резерва 750л.","20035","76","8.54","0"
"68134","Алкохол и Цигари - Цветан Лазаров","червено вино кабиле резерва 750л.","20035","76","8.54","0"
"68134","Алкохол и Цигари-Кръстьо Пастухов 69","червено вино сайкъл каберне 750л","20098","76","5.88","0"
"68134","Алкохол и Цигари-Димитър Пешев 501","червено вино сайкъл каберне 750л","20098","76","5.88","0"
"68134","Алкохол и Цигари-Александър Балан 207","червено вино сайкъл каберне 750л","20098","76","5.88","0"
"68134","Алкохол и Цигари-Луи Пастьор  102","червено вино сайкъл каберне 750л","20098","76","5.88","0"
"68134","Алкохол и Цигари-Атанас Москов 437","червено вино сайкъл каберне 750л","20098","76","5.88","0"
"68134","Алкохол и Цигари-Тирана 1","червено вино сайкъл каберне 750л","20098","76","5.88","0"
"68134","Алкохол и Цигари - Цветан Лазаров","червено вино сайкъл каберне 750л","20098","76","5.88","0"
"68134","Алкохол и Цигари-Кръстьо Пастухов 69","червено вино кабиле каберне 750л.","20094","76","6.6","0"
"68134","Алкохол и Цигари-Димитър Пешев 501","червено вино кабиле каберне 750л.","20094","76","6.6","0"
"68134","Алкохол и Цигари-Александър Балан 207","червено вино кабиле каберне 750л.","20094","76","6.6","0"
"68134","Алкохол и Цигари-Луи Пастьор  102","червено вино кабиле каберне 750л.","20094","76","6.6","0"
"68134","Алкохол и Цигари-Атанас Москов 437","червено вино кабиле каберне 750л.","20094","76","6.6","0"
"68134","Алкохол и Цигари-Тирана 1","червено вино кабиле каберне 750л.","20094","76","6.6","0"
"68134","Алкохол и Цигари - Цветан Лазаров","червено вино кабиле каберне 750л.","20094","76","6.6","0"
"68134","Алкохол и Цигари-Кръстьо Пастухов 69","логодаж каберне и сира 750л.","20036","76","5.37","0"
"68134","Алкохол и Цигари-Димитър Пешев 501","логодаж каберне и сира 750л.","20036","76","5.37","0"
"68134","Алкохол и Цигари-Александър Балан 207","логодаж каберне и сира 750л.","20036","76","5.37","0"
"68134","Алкохол и Цигари-Луи Пастьор  102","логодаж каберне и сира 750л.","20036","76","5.37","0"
"68134","Алкохол и Цигари-Атанас Москов 437","логодаж каберне и сира 750л.","20036","76","5.37","0"
"68134","Алкохол и Цигари-Тирана 1","логодаж каберне и сира 750л.","20036","76","5.37","0"
"68134","Алкохол и Цигари - Цветан Лазаров","логодаж каберне и сира 750л.","20036","76","5.37","0"
"68134","Алкохол и Цигари-Кръстьо Пастухов 69","логодаж каберне 750л","20095","76","5.37","0"
"68134","Алкохол и Цигари-Димитър Пешев 501","логодаж каберне 750л","20095","76","5.37","0"
"68134","Алкохол и Цигари-Александър Балан 207","логодаж каберне 750л","20095","76","5.37","0"
"68134","Алкохол и Цигари-Луи Пастьор  102","логодаж каберне 750л","20095","76","5.37","0"
"68134","Алкохол и Цигари-Атанас Москов 437","логодаж каберне 750л","20095","76","5.37","0"
"68134","Алкохол и Цигари-Тирана 1","логодаж каберне 750л","20095","76","5.37","0"
"68134","Алкохол и Цигари - Цветан Лазаров","логодаж каберне 750л","20095","76","5.37","0"
"68134","Алкохол и Цигари-Кръстьо Пастухов 69","логодаж мерло 750л.","20096","76","5.37","0"
"68134","Алкохол и Цигари-Димитър Пешев 501","логодаж мерло 750л.","20096","76","5.37","0"
"68134","Алкохол и Цигари-Александър Балан 207","логодаж мерло 750л.","20096","76","5.37","0"
"68134","Алкохол и Цигари-Луи Пастьор  102","логодаж мерло 750л.","20096","76","5.37","0"
"68134","Алкохол и Цигари-Атанас Москов 437","логодаж мерло 750л.","20096","76","5.37","0"
"68134","Алкохол и Цигари-Тирана 1","логодаж мерло 750л.","20096","76","5.37","0"
"68134","Алкохол и Цигари - Цветан Лазаров","логодаж мерло 750л.","20096","76","5.37","0"
"68134","Алкохол и Цигари-Кръстьо Пастухов 69","логодаж малбек 750л.","20037","76","6.85","0"
"68134","Алкохол и Цигари-Димитър Пешев 501","логодаж малбек 750л.","20037","76","6.85","0"
"68134","Алкохол и Цигари-Александър Балан 207","логодаж малбек 750л.","20037","76","6.85","0"
"68134","Алкохол и Цигари-Луи Пастьор  102","логодаж малбек 750л.","20037","76","6.85","0"
"68134","Алкохол и Цигари-Атанас Москов 437","логодаж малбек 750л.","20037","76","6.85","0"
"68134","Алкохол и Цигари-Тирана 1","логодаж малбек 750л.","20037","76","6.85","0"
"68134","Алкохол и Цигари - Цветан Лазаров","логодаж малбек 750л.","20037","76","6.85","0"
"68134","Алкохол и Цигари-Кръстьо Пастухов 69","логодаж мелнишка лоза 750л.","20038","76","3.22","0"
"68134","Алкохол и Цигари-Димитър Пешев 501","логодаж мелнишка лоза 750л.","20038","76","3.22","0"
"68134","Алкохол и Цигари-Александър Балан 207","логодаж мелнишка лоза 750л.","20038","76","3.22","0"
"68134","Алкохол и Цигари-Луи Пастьор  102","логодаж мелнишка лоза 750л.","20038","76","3.22","0"
"68134","Алкохол и Цигари-Атанас Москов 437","логодаж мелнишка лоза 750л.","20038","76","3.22","0"
"68134","Алкохол и Цигари-Тирана 1","логодаж мелнишка лоза 750л.","20038","76","3.22","0"
"68134","Алкохол и Цигари - Цветан Лазаров","логодаж мелнишка лоза 750л.","20038","76","3.22","0"
"68134","Алкохол и Цигари-Кръстьо Пастухов 69","мидалидаре нота бене 750л.","20039","76","9.71","0"
"68134","Алкохол и Цигари-Димитър Пешев 501","мидалидаре нота бене 750л.","20039","76","9.71","0"
"68134","Алкохол и Цигари-Александър Балан 207","мидалидаре нота бене 750л.","20039","76","9.71","0"
"68134","Алкохол и Цигари-Луи Пастьор  102","мидалидаре нота бене 750л.","20039","76","9.71","0"
"68134","Алкохол и Цигари-Атанас Москов 437","мидалидаре нота бене 750л.","20039","76","9.71","0"
"68134","Алкохол и Цигари-Тирана 1","мидалидаре нота бене 750л.","20039","76","9.71","0"
"68134","Алкохол и Цигари - Цветан Лазаров","мидалидаре нота бене 750л.","20039","76","9.71","0"
"68134","Алкохол и Цигари-Кръстьо Пастухов 69","мидалидаре мерло 750л.","20040","76","7.93","0"
"68134","Алкохол и Цигари-Димитър Пешев 501","мидалидаре мерло 750л.","20040","76","7.93","0"
"68134","Алкохол и Цигари-Александър Балан 207","мидалидаре мерло 750л.","20040","76","7.93","0"
"68134","Алкохол и Цигари-Луи Пастьор  102","мидалидаре мерло 750л.","20040","76","7.93","0"
"68134","Алкохол и Цигари-Атанас Москов 437","мидалидаре мерло 750л.","20040","76","7.93","0"
"68134","Алкохол и Цигари-Тирана 1","мидалидаре мерло 750л.","20040","76","7.93","0"
"68134","Алкохол и Цигари - Цветан Лазаров","мидалидаре мерло 750","20040","76","7.93","0"
"68134","Алкохол и Цигари-Кръстьо Пастухов 69","мидалидаре каберне 750л.","20041","76","7.98","0"
"68134","Алкохол и Цигари-Димитър Пешев 501","мидалидаре каберне 750л.","20041","76","7.98","0"
"68134","Алкохол и Цигари-Александър Балан 207","мидалидаре каберне 750л.","20041","76","7.98","0"
"68134","Алкохол и Цигари-Луи Пастьор  102","мидалидаре каберне 750л.","20041","76","7.98","0"
"68134","Алкохол и Цигари-Атанас Москов 437","мидалидаре каберне 750л.","20041","76","7.98","0"
"68134","Алкохол и Цигари-Тирана 1","мидалидаре каберне 750л.","20041","76","7.98","0"
"68134","Алкохол и Цигари - Цветан Лазаров","мидалидаре каберне 750л.","20041","76","7.98","0"
"68134","Алкохол и Цигари-Кръстьо Пастухов 69","верано азур червено 750л.","20042","76","6.19","0"
"68134","Алкохол и Цигари-Димитър Пешев 501","верано азур червено 750л.","20042","76","6.19","0"
"68134","Алкохол и Цигари-Александър Балан 207","верано азур червено 750л.","20042","76","6.19","0"
"68134","Алкохол и Цигари-Луи Пастьор  102","верано азур червено 750л.","20042","76","6.19","0"
"68134","Алкохол и Цигари-Атанас Москов 437","верано азур червено 750л.","20042","76","6.19","0"
"68134","Алкохол и Цигари-Тирана 1","верано азур червено 750л.","20042","76","6.19","0"
"68134","Алкохол и Цигари - Цветан Лазаров","верано азур червено 750л.","20042","76","6.19","0"
"68134","Алкохол и Цигари-Кръстьо Пастухов 69","фрутино червено 750л.","20043","76","4.35","0"
"68134","Алкохол и Цигари-Димитър Пешев 501","фрутино червено 750л.","20043","76","4.35","0"
"68134","Алкохол и Цигари-Александър Балан 207","фрутино червено 750л.","20043","76","4.35","0"
"68134","Алкохол и Цигари-Луи Пастьор  102","фрутино червено 750л.","20043","76","4.35","0"
"68134","Алкохол и Цигари-Атанас Москов 437","фрутино червено 750л.","20043","76","4.35","0"
"68134","Алкохол и Цигари-Тирана 1","фрутино червено 750л.","20043","76","4.35","0"
"68134","Алкохол и Цигари - Цветан Лазаров","фрутино червено 750л.","20043","76","4.35","0"
"68134","Алкохол и Цигари-Кръстьо Пастухов 69","черга червено 750л.","20044","76","7.06","0"
"68134","Алкохол и Цигари-Димитър Пешев 501","черга червено 750л.","20044","76","7.06","0"
"68134","Алкохол и Цигари-Александър Балан 207","черга червено 750л.","20044","76","7.06","0"
"68134","Алкохол и Цигари-Луи Пастьор  102","черга червено 750л.","20044","76","7.06","0"
"68134","Алкохол и Цигари-Атанас Москов 437","черга червено 750л.","20044","76","7.06","0"
"68134","Алкохол и Цигари-Тирана 1","черга червено 750л.","20044","76","7.06","0"
"68134","Алкохол и Цигари - Цветан Лазаров","черга червено 750л.","20044","76","7.06","0"
"68134","Алкохол и Цигари-Кръстьо Пастухов 69","ракия бургаска гроздова 0.7л","20045","77","7.62","0"
"68134","Алкохол и Цигари-Димитър Пешев 501","ракия бургаска гроздова 0.7л","20045","77","7.62","0"
"68134","Алкохол и Цигари-Александър Балан 207","ракия бургаска гроздова 0.7л","20045","77","7.62","0"
"68134","Алкохол и Цигари-Луи Пастьор  102","ракия бургаска гроздова 0.7л","20045","77","7.62","0"
"68134","Алкохол и Цигари-Атанас Москов 437","ракия бургаска гроздова 0.7л","20045","77","7.62","0"
"68134","Алкохол и Цигари-Тирана 1","ракия бургаска гроздова 0.7л","20045","77","7.62","0"
"68134","Алкохол и Цигари - Цветан Лазаров","ракия бургаска гроздова 0.7л","20045","77","7.62","0"
"68134","Алкохол и Цигари-Кръстьо Пастухов 69","ракия бургаска мускатова 0.7л","20046","77","9.71","0"
"68134","Алкохол и Цигари-Димитър Пешев 501","ракия бургаска мускатова 0.7л","20046","77","9.71","0"
"68134","Алкохол и Цигари-Александър Балан 207","ракия бургаска мускатова 0.7л","20046","77","9.71","0"
"68134","Алкохол и Цигари-Луи Пастьор  102","ракия бургаска мускатова 0.7л","20046","77","9.71","0"
"68134","Алкохол и Цигари-Атанас Москов 437","ракия бургаска мускатова 0.7л","20046","77","9.71","0"
"68134","Алкохол и Цигари-Тирана 1","ракия бургаска мускатова 0.7л","20046","77","9.71","0"
"68134","Алкохол и Цигари - Цветан Лазаров","ракия бургаска мускатова 0.7л","20046","77","9.71","0"
"68134","Алкохол и Цигари-Кръстьо Пастухов 69","ракия грозден 0.7л.","20047","77","6.29","0"
"68134","Алкохол и Цигари-Димитър Пешев 501","ракия грозден 0.7л.","20047","77","6.29","0"
"68134","Алкохол и Цигари-Александър Балан 207","ракия грозден 0.7л.","20047","77","6.29","0"
"68134","Алкохол и Цигари-Луи Пастьор  102","ракия грозден 0.7л.","20047","77","6.29","0"
"68134","Алкохол и Цигари-Атанас Москов 437","ракия грозден 0.7л.","20047","77","6.29","0"
"68134","Алкохол и Цигари-Тирана 1","ракия грозден 0.7л.","20047","77","6.29","0"
"68134","Алкохол и Цигари - Цветан Лазаров","ракия грозден 0.7л.","20047","77","6.29","0"
"68134","Алкохол и Цигари-Кръстьо Пастухов 69","ракия кайлъшка гроздова 0.7л.","20048","77","7.52","0"
"68134","Алкохол и Цигари-Димитър Пешев 501","ракия кайлъшка гроздова 0.7л.","20048","77","7.52","0"
"68134","Алкохол и Цигари-Александър Балан 207","ракия кайлъшка гроздова 0.7л.","20048","77","7.52","0"
"68134","Алкохол и Цигари-Луи Пастьор  102","ракия кайлъшка гроздова 0.7л.","20048","77","7.52","0"
"68134","Алкохол и Цигари-Атанас Москов 437","ракия кайлъшка гроздова 0.7л.","20048","77","7.52","0"
"68134","Алкохол и Цигари-Тирана 1","ракия кайлъшка гроздова 0.7л.","20048","77","7.52","0"
"68134","Алкохол и Цигари - Цветан Лазаров","ракия кайлъшка гроздова 0.7л.","20048","77","7.52","0"
"68134","Алкохол и Цигари-Кръстьо Пастухов 69","ракия кайлъшка мускатова 0.7л.","20049","77","8.69","0"
"68134","Алкохол и Цигари-Димитър Пешев 501","ракия кайлъшка мускатова 0.7л.","20049","77","8.69","0"
"68134","Алкохол и Цигари-Александър Балан 207","ракия кайлъшка мускатова 0.7л.","20049","77","8.69","0"
"68134","Алкохол и Цигари-Луи Пастьор  102","ракия кайлъшка мускатова 0.7л.","20049","77","8.69","0"
"68134","Алкохол и Цигари-Атанас Москов 437","ракия кайлъшка мускатова 0.7л.","20049","77","8.69","0"
"68134","Алкохол и Цигари-Тирана 1","ракия кайлъшка мускатова 0.7л.","20049","77","8.69","0"
"68134","Алкохол и Цигари - Цветан Лазаров","ракия кайлъшка мускатова 0.7л.","20049","77","8.69","0"
"68134","Алкохол и Цигари-Кръстьо Пастухов 69","ракия кайлъшка сливова 0.7л.","20050","77","7.93","0"
"68134","Алкохол и Цигари-Димитър Пешев 501","ракия кайлъшка сливова 0.7л.","20050","77","7.93","0"
"68134","Алкохол и Цигари-Александър Балан 207","ракия кайлъшка сливова 0.7л.","20050","77","7.93","0"
"68134","Алкохол и Цигари-Луи Пастьор  102","ракия кайлъшка сливова 0.7л.","20050","77","7.93","0"
"68134","Алкохол и Цигари-Атанас Москов 437","ракия кайлъшка сливова 0.7л.","20050","77","7.93","0"
"68134","Алкохол и Цигари-Тирана 1","ракия кайлъшка сливова 0.7л.","20050","77","7.93","0"
"68134","Алкохол и Цигари - Цветан Лазаров","ракия кайлъшка сливова 0.7л.","20050","77","7.93","0"
"68134","Алкохол и Цигари-Кръстьо Пастухов 69","ракия карнобатска 0.7л.","20051","77","6.95","0"
"68134","Алкохол и Цигари-Димитър Пешев 501","ракия карнобатска 0.7л.","20051","77","6.95","0"
"68134","Алкохол и Цигари-Александър Балан 207","ракия карнобатска 0.7л.","20051","77","6.95","0"
"68134","Алкохол и Цигари-Луи Пастьор  102","ракия карнобатска 0.7л.","20051","77","6.95","0"
"68134","Алкохол и Цигари-Атанас Москов 437","ракия карнобатска 0.7л.","20051","77","6.95","0"
"68134","Алкохол и Цигари-Тирана 1","ракия карнобатска 0.7л.","20051","77","6.95","0"
"68134","Алкохол и Цигари - Цветан Лазаров","ракия карнобатска 0.7л.","20051","77","6.95","0"
"68134","Алкохол и Цигари-Кръстьо Пастухов 69","ракия кехлибар 0.7л.","20052","77","8.85","0"
"68134","Алкохол и Цигари-Димитър Пешев 501","ракия кехлибар 0.7л.","20052","77","8.85","0"
"68134","Алкохол и Цигари-Александър Балан 207","ракия кехлибар 0.7л.","20052","77","8.85","0"
"68134","Алкохол и Цигари-Луи Пастьор  102","ракия кехлибар 0.7л.","20052","77","8.85","0"
"68134","Алкохол и Цигари-Атанас Москов 437","ракия кехлибар 0.7л.","20052","77","8.85","0"
"68134","Алкохол и Цигари-Тирана 1","ракия кехлибар 0.7л.","20052","77","8.85","0"
"68134","Алкохол и Цигари - Цветан Лазаров","ракия кехлибар 0.7л.","20052","77","8.85","0"
"68134","Алкохол и Цигари-Кръстьо Пастухов 69","лозова ракия тиквеш 0.7л","20053","77","13.6","0"
"68134","Алкохол и Цигари-Димитър Пешев 501","лозова ракия тиквеш 0.7л","20053","77","13.6","0"
"68134","Алкохол и Цигари-Александър Балан 207","лозова ракия тиквеш 0.7л","20053","77","13.6","0"
"68134","Алкохол и Цигари-Луи Пастьор  102","лозова ракия тиквеш 0.7л","20053","77","13.6","0"
"68134","Алкохол и Цигари-Атанас Москов 437","лозова ракия тиквеш 0.7л","20053","77","13.6","0"
"68134","Алкохол и Цигари-Тирана 1","лозова ракия тиквеш 0.7л","20053","77","13.6","0"
"68134","Алкохол и Цигари - Цветан Лазаров","лозова ракия тиквеш 0.7л","20053","77","13.6","0"
"68134","Алкохол и Цигари-Кръстьо Пастухов 69","ракия пещерска 0.7л.","20054","77","6.9","0"
"68134","Алкохол и Цигари-Димитър Пешев 501","ракия пещерска 0.7л.","20054","77","6.9","0"
"68134","Алкохол и Цигари-Александър Балан 207","ракия пещерска 0.7л.","20054","77","6.9","0"
"68134","Алкохол и Цигари-Луи Пастьор  102","ракия пещерска 0.7л.","20054","77","6.9","0"
"68134","Алкохол и Цигари-Атанас Москов 437","ракия пещерска 0.7л.","20054","77","6.9","0"
"68134","Алкохол и Цигари-Тирана 1","ракия пещерска 0.7л.","20054","77","6.9","0"
"68134","Алкохол и Цигари - Цветан Лазаров","ракия пещерска 0.7л.","20054","77","6.9","0"
"68134","Алкохол и Цигари-Кръстьо Пастухов 69","ракия пещерска отлежала 0.7л.","20055","77","8.13","0"
"68134","Алкохол и Цигари-Димитър Пешев 501","ракия пещерска отлежала 0.7л.","20055","77","8.13","0"
"68134","Алкохол и Цигари-Александър Балан 207","ракия пещерска отлежала 0.7л.","20055","77","8.13","0"
"68134","Алкохол и Цигари-Луи Пастьор  102","ракия пещерска отлежала 0.7л.","20055","77","8.13","0"
"68134","Алкохол и Цигари-Атанас Москов 437","ракия пещерска отлежала 0.7л.","20055","77","8.13","0"
"68134","Алкохол и Цигари-Тирана 1","ракия пещерска отлежала 0.7л.","20055","77","8.13","0"
"68134","Алкохол и Цигари - Цветан Лазаров","ракия пещерска отлежала 0.7л.","20055","77","8.13","0"
"68134","Алкохол и Цигари-Кръстьо Пастухов 69","ракия поморийска гроздова 0.7л.","20056","77","7.62","0"
"68134","Алкохол и Цигари-Димитър Пешев 501","ракия поморийска гроздова 0.7л.","20056","77","7.62","0"
"68134","Алкохол и Цигари-Александър Балан 207","ракия поморийска гроздова 0.7л.","20056","77","7.62","0"
"68134","Алкохол и Цигари-Луи Пастьор  102","ракия поморийска гроздова 0.7л.","20056","77","7.62","0"
"68134","Алкохол и Цигари-Атанас Москов 437","ракия поморийска гроздова 0.7л.","20056","77","7.62","0"
"68134","Алкохол и Цигари-Тирана 1","ракия поморийска гроздова 0.7л.","20056","77","7.62","0"
"68134","Алкохол и Цигари - Цветан Лазаров","ракия поморийска гроздова 0.7л.","20056","77","7.62","0"
"68134","Алкохол и Цигари-Кръстьо Пастухов 69","ракия поморийска мускатова 0.7л","20057","77","9.71","0"
"68134","Алкохол и Цигари-Димитър Пешев 501","ракия поморийска мускатова 0.7л","20057","77","9.71","0"
"68134","Алкохол и Цигари-Александър Балан 207","ракия поморийска мускатова 0.7л","20057","77","9.71","0"
"68134","Алкохол и Цигари-Луи Пастьор  102","ракия поморийска мускатова 0.7л","20057","77","9.71","0"
"68134","Алкохол и Цигари-Атанас Москов 437","ракия поморийска мускатова 0.7л","20057","77","9.71","0"
"68134","Алкохол и Цигари-Тирана 1","ракия поморийска мускатова 0.7л","20057","77","9.71","0"
"68134","Алкохол и Цигари - Цветан Лазаров","ракия поморийска мускатова 0.7л","20057","77","9.71","0"
"68134","Алкохол и Цигари-Кръстьо Пастухов 69","ракия поморийска специална 0.7л.","20058","77","8.33","0"
"68134","Алкохол и Цигари-Димитър Пешев 501","ракия поморийска специална 0.7л.","20058","77","8.33","0"
"68134","Алкохол и Цигари-Александър Балан 207","ракия поморийска специална 0.7л.","20058","77","8.33","0"
"68134","Алкохол и Цигари-Луи Пастьор  102","ракия поморийска специална 0.7л.","20058","77","8.33","0"
"68134","Алкохол и Цигари-Атанас Москов 437","ракия поморийска специална 0.7л.","20058","77","8.33","0"
"68134","Алкохол и Цигари-Тирана 1","ракия поморийска специална 0.7л.","20058","77","8.33","0"
"68134","Алкохол и Цигари - Цветан Лазаров","ракия поморийска специална 0.7л.","20058","77","8.33","0"
"68134","Алкохол и Цигари-Кръстьо Пастухов 69","ракия сунголарска 0.7л.","20059","77","9.41","0"
"68134","Алкохол и Цигари-Димитър Пешев 501","ракия сунголарска 0.7л.","20059","77","9.41","0"
"68134","Алкохол и Цигари-Александър Балан 207","ракия сунголарска 0.7л.","20059","77","9.41","0"
"68134","Алкохол и Цигари-Луи Пастьор  102","ракия сунголарска 0.7л.","20059","77","9.41","0"
"68134","Алкохол и Цигари-Атанас Москов 437","ракия сунголарска 0.7л.","20059","77","9.41","0"
"68134","Алкохол и Цигари-Тирана 1","ракия сунголарска 0.7л.","20059","77","9.41","0"
"68134","Алкохол и Цигари - Цветан Лазаров","ракия сунголарска 0.7л.","20059","77","9.41","0"
"68134","Алкохол и Цигари-Кръстьо Пастухов 69","ракия сунголарска специална0.7л.","20060","77","12.99","0"
"68134","Алкохол и Цигари-Димитър Пешев 501","ракия сунголарска специална0.7л.","20060","77","12.99","0"
"68134","Алкохол и Цигари-Александър Балан 207","ракия сунголарска специална0.7л.","20060","77","12.99","0"
"68134","Алкохол и Цигари-Луи Пастьор  102","ракия сунголарска специална0.7л.","20060","77","12.99","0"
"68134","Алкохол и Цигари-Атанас Москов 437","ракия сунголарска специална0.7л.","20060","77","12.99","0"
"68134","Алкохол и Цигари-Тирана 1","ракия сунголарска специална0.7л.","20060","77","12.99","0"
"68134","Алкохол и Цигари - Цветан Лазаров","ракия сунголарска специална0.7л.","20060","77","12.99","0"
"68134","Алкохол и Цигари-Кръстьо Пастухов 69","ракия троянска сливова отлежала 0.7л.","20061","77","10.48","0"
"68134","Алкохол и Цигари-Димитър Пешев 501","ракия троянска сливова отлежала 0.7л.","20061","77","10.48","0"
"68134","Алкохол и Цигари-Александър Балан 207","ракия троянска сливова отлежала 0.7л.","20061","77","10.48","0"
"68134","Алкохол и Цигари-Луи Пастьор  102","ракия троянска сливова отлежала 0.7л.","20061","77","10.48","0"
"68134","Алкохол и Цигари-Атанас Москов 437","ракия троянска сливова отлежала 0.7л.","20061","77","10.48","0"
"68134","Алкохол и Цигари-Тирана 1","ракия троянска сливова отлежала 0.7л.","20061","77","10.48","0"
"68134","Алкохол и Цигари - Цветан Лазаров","ракия троянска сливова отлежала 0.7л.","20061","77","10.48","0"
"68134","Алкохол и Цигари-Кръстьо Пастухов 69","ямболска гроздова ракия 0.7л.","20062","77","6.14","0"
"68134","Алкохол и Цигари-Димитър Пешев 501","ямболска гроздова ракия 0.7л.","20062","77","6.14","0"
"68134","Алкохол и Цигари-Александър Балан 207","ямболска гроздова ракия 0.7л.","20062","77","6.14","0"
"68134","Алкохол и Цигари-Луи Пастьор  102","ямболска гроздова ракия 0.7л.","20062","77","6.14","0"
"68134","Алкохол и Цигари-Атанас Москов 437","ямболска гроздова ракия 0.7л.","20062","77","6.14","0"
"68134","Алкохол и Цигари-Тирана 1","ямболска гроздова ракия 0.7л.","20062","77","6.14","0"
"68134","Алкохол и Цигари - Цветан Лазаров","ямболска гроздова ракия 0.7л.","20062","77","6.14","0"
"68134","Алкохол и Цигари-Кръстьо Пастухов 69","троянска сливова ракия 0.7л","20063","77","9.1","0"
"68134","Алкохол и Цигари-Димитър Пешев 501","троянска сливова ракия 0.7л","20063","77","9.1","0"
"68134","Алкохол и Цигари-Александър Балан 207","троянска сливова ракия 0.7л","20063","77","9.1","0"
"68134","Алкохол и Цигари-Луи Пастьор  102","троянска сливова ракия 0.7л","20063","77","9.1","0"
"68134","Алкохол и Цигари-Атанас Москов 437","троянска сливова ракия 0.7л","20063","77","9.1","0"
"68134","Алкохол и Цигари-Тирана 1","троянска сливова ракия 0.7л","20063","77","9.1","0"
"68134","Алкохол и Цигари - Цветан Лазаров","троянска сливова ракия 0.7л","20063","77","9.1","0"
"68134","Алкохол и Цигари-Кръстьо Пастухов 69","цигари мерилин пинк кутия слим","20064","78","3.17","0"
"68134","Алкохол и Цигари-Димитър Пешев 501","цигари мерилин пинк кутия слим","20064","78","3.17","0"
"68134","Алкохол и Цигари-Александър Балан 207","цигари мерилин пинк кутия слим","20064","78","3.17","0"
"68134","Алкохол и Цигари-Луи Пастьор  102","цигари мерилин пинк кутия слим","20064","78","3.17","0"
"68134","Алкохол и Цигари-Атанас Москов 437","цигари мерилин пинк кутия слим","20064","78","3.17","0"
"68134","Алкохол и Цигари-Тирана 1","цигари мерилин пинк кутия слим","20064","78","3.17","0"
"68134","Алкохол и Цигари - Цветан Лазаров","цигари мерилин пинк кутия слим","20064","78","3.17","0"
"68134","Алкохол и Цигари-Кръстьо Пастухов 69","цигари мерилин блу кутия слим","20065","78","3.17","0"
"68134","Алкохол и Цигари-Димитър Пешев 501","цигари мерилин блу кутия слим","20065","78","3.17","0"
"68134","Алкохол и Цигари-Александър Балан 207","цигари мерилин блу кутия слим","20065","78","3.17","0"
"68134","Алкохол и Цигари-Луи Пастьор  102","цигари мерилин блу кутия слим","20065","78","3.17","0"
"68134","Алкохол и Цигари-Атанас Москов 437","цигари мерилин блу кутия слим","20065","78","3.17","0"
"68134","Алкохол и Цигари-Тирана 1","цигари мерилин блу кутия слим","20065","78","3.17","0"
"68134","Алкохол и Цигари - Цветан Лазаров","цигари мерилин блу кутия слим","20065","78","3.17","0"
"68134","Алкохол и Цигари-Кръстьо Пастухов 69","цигари мерилин лайт кутия слим","20066","78","3.17","0"
"68134","Алкохол и Цигари-Димитър Пешев 501","цигари мерилин лайт кутия слим","20066","78","3.17","0"
"68134","Алкохол и Цигари-Александър Балан 207","цигари мерилин лайт кутия слим","20066","78","3.17","0"
"68134","Алкохол и Цигари-Луи Пастьор  102","цигари мерилин лайт кутия слим","20066","78","3.17","0"
"68134","Алкохол и Цигари-Атанас Москов 437","цигари мерилин лайт кутия слим","20066","78","3.17","0"
"68134","Алкохол и Цигари-Тирана 1","цигари мерилин лайт кутия слим","20066","78","3.17","0"
"68134","Алкохол и Цигари - Цветан Лазаров","цигари мерилин лайт кутия слим","20066","78","3.17","0"
"68134","Алкохол и Цигари-Кръстьо Пастухов 69","цигари мерилин кристал пинк супер слим кутия","20067","78","3.17","0"
"68134","Алкохол и Цигари-Димитър Пешев 501","цигари мерилин кристал пинк супер слим кутия","20067","78","3.17","0"
"68134","Алкохол и Цигари-Александър Балан 207","цигари мерилин кристал пинк супер слим кутия","20067","78","3.17","0"
"68134","Алкохол и Цигари-Луи Пастьор  102","цигари мерилин кристал пинк супер слим кутия","20067","78","3.17","0"
"68134","Алкохол и Цигари-Атанас Москов 437","цигари мерилин кристал пинк супер слим кутия","20067","78","3.17","0"
"68134","Алкохол и Цигари-Тирана 1","цигари мерилин кристал пинк супер слим кутия","20067","78","3.17","0"
"68134","Алкохол и Цигари - Цветан Лазаров","цигари мерилин кристал пинк супер слим кутия","20067","78","3.17","0"
"68134","Алкохол и Цигари-Кръстьо Пастухов 69","цигари мерилин кристал блу супер слим кутия","20068","78","3.17","0"
"68134","Алкохол и Цигари-Димитър Пешев 501","цигари мерилин кристал блу супер слим кутия","20068","78","3.17","0"
"68134","Алкохол и Цигари-Александър Балан 207","цигари мерилин кристал блу супер слим кутия","20068","78","3.17","0"
"68134","Алкохол и Цигари-Луи Пастьор  102","цигари мерилин кристал блу супер слим кутия","20068","78","3.17","0"
"68134","Алкохол и Цигари-Атанас Москов 437","цигари мерилин кристал блу супер слим кутия","20068","78","3.17","0"
"68134","Алкохол и Цигари-Тирана 1","цигари мерилин кристал блу супер слим кутия","20068","78","3.17","0"
"68134","Алкохол и Цигари - Цветан Лазаров","цигари мерилин кристал блу супер слим кутия","20068","78","3.17","0"
"68134","Алкохол и Цигари-Кръстьо Пастухов 69","цигари мерилин блу кутия 100","20069","78","3.22","0"
"68134","Алкохол и Цигари-Димитър Пешев 501","цигари мерилин блу кутия 100","20069","78","3.22","0"
"68134","Алкохол и Цигари-Александър Балан 207","цигари мерилин блу кутия 100","20069","78","3.22","0"
"68134","Алкохол и Цигари-Луи Пастьор  102","цигари мерилин блу кутия 100","20069","78","3.22","0"
"68134","Алкохол и Цигари-Атанас Москов 437","цигари мерилин блу кутия 100","20069","78","3.22","0"
"68134","Алкохол и Цигари-Тирана 1","цигари мерилин блу кутия 100","20069","78","3.22","0"
"68134","Алкохол и Цигари - Цветан Лазаров","цигари мерилин блу кутия 100","20069","78","3.22","0"
"68134","Алкохол и Цигари-Кръстьо Пастухов 69","цигари мерилин пинк кутия 100","20070","78","3.22","0"
"68134","Алкохол и Цигари-Димитър Пешев 501","цигари мерилин пинк кутия 100","20070","78","3.22","0"
"68134","Алкохол и Цигари-Александър Балан 207","цигари мерилин пинк кутия 100","20070","78","3.22","0"
"68134","Алкохол и Цигари-Луи Пастьор  102","цигари мерилин пинк кутия 100","20070","78","3.22","0"
"68134","Алкохол и Цигари-Атанас Москов 437","цигари мерилин пинк кутия 100","20070","78","3.22","0"
"68134","Алкохол и Цигари-Тирана 1","цигари мерилин пинк кутия 100","20070","78","3.22","0"
"68134","Алкохол и Цигари - Цветан Лазаров","цигари мерилин пинк кутия 100","20070","78","3.22","0"
"68134","Алкохол и Цигари-Кръстьо Пастухов 69","цигари корсет табакера блек ","20071","78","3.22","0"
"68134","Алкохол и Цигари-Димитър Пешев 501","цигари корсет табакера блек ","20071","78","3.22","0"
"68134","Алкохол и Цигари-Александър Балан 207","цигари корсет табакера блек ","20071","78","3.22","0"
"68134","Алкохол и Цигари-Луи Пастьор  102","цигари корсет табакера блек ","20071","78","3.22","0"
"68134","Алкохол и Цигари-Атанас Москов 437","цигари корсет табакера блек ","20071","78","3.22","0"
"68134","Алкохол и Цигари-Тирана 1","цигари корсет табакера блек ","20071","78","3.22","0"
"68134","Алкохол и Цигари - Цветан Лазаров","цигари корсет табакера блек ","20071","78","3.22","0"
"68134","Алкохол и Цигари-Кръстьо Пастухов 69","цигари корсет табакера марине ","20072","78","3.22","0"
"68134","Алкохол и Цигари-Димитър Пешев 501","цигари корсет табакера марине ","20072","78","3.22","0"
"68134","Алкохол и Цигари-Александър Балан 207","цигари корсет табакера марине ","20072","78","3.22","0"
"68134","Алкохол и Цигари-Луи Пастьор  102","цигари корсет табакера марине ","20072","78","3.22","0"
"68134","Алкохол и Цигари-Атанас Москов 437","цигари корсет табакера марине ","20072","78","3.22","0"
"68134","Алкохол и Цигари-Тирана 1","цигари корсет табакера марине ","20072","78","3.22","0"
"68134","Алкохол и Цигари - Цветан Лазаров","цигари корсет табакера марине ","20072","78","3.22","0"
"68134","Алкохол и Цигари-Кръстьо Пастухов 69","цигари корсет табакера перла","20073","78","3.22","0"
"68134","Алкохол и Цигари-Димитър Пешев 501","цигари корсет табакера перла","20073","78","3.22","0"
"68134","Алкохол и Цигари-Александър Балан 207","цигари корсет табакера перла","20073","78","3.22","0"
"68134","Алкохол и Цигари-Луи Пастьор  102","цигари корсет табакера перла","20073","78","3.22","0"
"68134","Алкохол и Цигари-Атанас Москов 437","цигари корсет табакера перла","20073","78","3.22","0"
"68134","Алкохол и Цигари-Тирана 1","цигари корсет табакера перла","20073","78","3.22","0"
"68134","Алкохол и Цигари - Цветан Лазаров","цигари корсет табакера перла","20073","78","3.22","0"
"68134","Алкохол и Цигари-Кръстьо Пастухов 69","цигари корсет лилак супер слим","20074","78","3.22","0"
"68134","Алкохол и Цигари-Димитър Пешев 501","цигари корсет лилак супер слим","20074","78","3.22","0"
"68134","Алкохол и Цигари-Александър Балан 207","цигари корсет лилак супер слим","20074","78","3.22","0"
"68134","Алкохол и Цигари-Луи Пастьор  102","цигари корсет лилак супер слим","20074","78","3.22","0"
"68134","Алкохол и Цигари-Атанас Москов 437","цигари корсет лилак супер слим","20074","78","3.22","0"
"68134","Алкохол и Цигари-Тирана 1","цигари корсет лилак супер слим","20074","78","3.22","0"
"68134","Алкохол и Цигари - Цветан Лазаров","цигари корсет лилак супер слим","20074","78","3.22","0"
"68134","Алкохол и Цигари-Кръстьо Пастухов 69","цигари корсет пинк супер слим","20075","78","3.22","0"
"68134","Алкохол и Цигари-Димитър Пешев 501","цигари корсет пинк супер слим","20075","78","3.22","0"
"68134","Алкохол и Цигари-Александър Балан 207","цигари корсет пинк супер слим","20075","78","3.22","0"
"68134","Алкохол и Цигари-Луи Пастьор  102","цигари корсет пинк супер слим","20075","78","3.22","0"
"68134","Алкохол и Цигари-Атанас Москов 437","цигари корсет пинк супер слим","20075","78","3.22","0"
"68134","Алкохол и Цигари-Тирана 1","цигари корсет пинк супер слим","20075","78","3.22","0"
"68134","Алкохол и Цигари - Цветан Лазаров","цигари корсет пинк супер слим","20075","78","3.22","0"
"68134","Алкохол и Цигари-Кръстьо Пастухов 69","цигари корсет марине супер слим","20076","78","3.43","0"
"68134","Алкохол и Цигари-Димитър Пешев 501","цигари корсет марине супер слим","20076","78","3.43","0"
"68134","Алкохол и Цигари-Александър Балан 207","цигари корсет марине супер слим","20076","78","3.43","0"
"68134","Алкохол и Цигари-Луи Пастьор  102","цигари корсет марине супер слим","20076","78","3.43","0"
"68134","Алкохол и Цигари-Атанас Москов 437","цигари корсет марине супер слим","20076","78","3.43","0"
"68134","Алкохол и Цигари-Тирана 1","цигари корсет марине супер слим","20076","78","3.43","0"
"68134","Алкохол и Цигари - Цветан Лазаров","цигари корсет марине супер слим","20076","78","3.43","0"
"68134","Алкохол и Цигари-Кръстьо Пастухов 69","цигари корсет лайт супер слим","20077","78","3.43","0"
"68134","Алкохол и Цигари-Димитър Пешев 501","цигари корсет лайт супер слим","20077","78","3.43","0"
"68134","Алкохол и Цигари-Александър Балан 207","цигари корсет лайт супер слим","20077","78","3.43","0"
"68134","Алкохол и Цигари-Луи Пастьор  102","цигари корсет лайт супер слим","20077","78","3.43","0"
"68134","Алкохол и Цигари-Атанас Москов 437","цигари корсет лайт супер слим","20077","78","3.43","0"
"68134","Алкохол и Цигари-Тирана 1","цигари корсет лайт супер слим","20077","78","3.43","0"
"68134","Алкохол и Цигари - Цветан Лазаров","цигари корсет лайт супер слим","20077","78","3.43","0"
"68134","Алкохол и Цигари-Кръстьо Пастухов 69","цигари корсет лилав супер слим","20099","78","3.43","0"
"68134","Алкохол и Цигари-Димитър Пешев 501","цигари корсет лилав супер слим","20099","78","3.43","0"
"68134","Алкохол и Цигари-Александър Балан 207","цигари корсет лилав супер слим","20099","78","3.43","0"
"68134","Алкохол и Цигари-Луи Пастьор  102","цигари корсет лилав супер слим","20099","78","3.43","0"
"68134","Алкохол и Цигари-Атанас Москов 437","цигари корсет лилав супер слим","20099","78","3.43","0"
"68134","Алкохол и Цигари-Тирана 1","цигари корсет лилав супер слим","20099","78","3.43","0"
"68134","Алкохол и Цигари - Цветан Лазаров","цигари корсет лилав супер слим","20099","78","3.43","0"
"68134","Алкохол и Цигари-Кръстьо Пастухов 69","цигари кинг центрио деми блу","20078","78","3.17","0"
"68134","Алкохол и Цигари-Димитър Пешев 501","цигари кинг центрио деми блу","20078","78","3.17","0"
"68134","Алкохол и Цигари-Александър Балан 207","цигари кинг центрио деми блу","20078","78","3.17","0"
"68134","Алкохол и Цигари-Луи Пастьор  102","цигари кинг центрио деми блу","20078","78","3.17","0"
"68134","Алкохол и Цигари-Атанас Москов 437","цигари кинг центрио деми блу","20078","78","3.17","0"
"68134","Алкохол и Цигари-Тирана 1","цигари кинг центрио деми блу","20078","78","3.17","0"
"68134","Алкохол и Цигари - Цветан Лазаров","цигари кинг центрио деми блу","20078","78","3.17","0"
"68134","Алкохол и Цигари-Кръстьо Пастухов 69","цигари кинг скай блу","20079","78","3.17","0"
"68134","Алкохол и Цигари-Димитър Пешев 501","цигари кинг скай блу","20079","78","3.17","0"
"68134","Алкохол и Цигари-Александър Балан 207","цигари кинг скай блу","20079","78","3.17","0"
"68134","Алкохол и Цигари-Луи Пастьор  102","цигари кинг скай блу","20079","78","3.17","0"
"68134","Алкохол и Цигари-Атанас Москов 437","цигари кинг скай блу","20079","78","3.17","0"
"68134","Алкохол и Цигари-Тирана 1","цигари кинг скай блу","20079","78","3.17","0"
"68134","Алкохол и Цигари - Цветан Лазаров","цигари кинг скай блу","20079","78","3.17","0"
"68134","Алкохол и Цигари-Кръстьо Пастухов 69","цигари кинг блу","20080","78","3.07","0"
"68134","Алкохол и Цигари-Димитър Пешев 501","цигари кинг блу","20080","78","3.07","0"
"68134","Алкохол и Цигари-Александър Балан 207","цигари кинг блу","20080","78","3.07","0"
"68134","Алкохол и Цигари-Луи Пастьор  102","цигари кинг блу","20080","78","3.07","0"
"68134","Алкохол и Цигари-Атанас Москов 437","цигари кинг блу","20080","78","3.07","0"
"68134","Алкохол и Цигари-Тирана 1","цигари кинг блу","20080","78","3.07","0"
"68134","Алкохол и Цигари - Цветан Лазаров","цигари кинг блу","20080","78","3.07","0"
"68134","Алкохол и Цигари-Кръстьо Пастухов 69","цигари кинг карбон","20081","78","3.07","0"
"68134","Алкохол и Цигари-Димитър Пешев 501","цигари кинг карбон","20081","78","3.07","0"
"68134","Алкохол и Цигари-Александър Балан 207","цигари кинг карбон","20081","78","3.07","0"
"68134","Алкохол и Цигари-Луи Пастьор  102","цигари кинг карбон","20081","78","3.07","0"
"68134","Алкохол и Цигари-Атанас Москов 437","цигари кинг карбон","20081","78","3.07","0"
"68134","Алкохол и Цигари-Тирана 1","цигари кинг карбон","20081","78","3.07","0"
"68134","Алкохол и Цигари - Цветан Лазаров","цигари кинг карбон","20081","78","3.07","0"
"68134","Алкохол и Цигари-Кръстьо Пастухов 69","цигари кинг кът ред","20082","78","3.17","0"
"68134","Алкохол и Цигари-Димитър Пешев 501","цигари кинг кът ред","20082","78","3.17","0"
"68134","Алкохол и Цигари-Александър Балан 207","цигари кинг кът ред","20082","78","3.17","0"
"68134","Алкохол и Цигари-Луи Пастьор  102","цигари кинг кът ред","20082","78","3.17","0"
"68134","Алкохол и Цигари-Атанас Москов 437","цигари кинг кът ред","20082","78","3.17","0"
"68134","Алкохол и Цигари-Тирана 1","цигари кинг кът ред","20082","78","3.17","0"
"68134","Алкохол и Цигари - Цветан Лазаров","цигари кинг кът ред","20082","78","3.17","0"
"68134","Алкохол и Цигари-Кръстьо Пастухов 69","цигари кинг кът блу","20083","78","3.07","0"
"68134","Алкохол и Цигари-Димитър Пешев 501","цигари кинг кът блу","20083","78","3.07","0"
"68134","Алкохол и Цигари-Александър Балан 207","цигари кинг кът блу","20083","78","3.07","0"
"68134","Алкохол и Цигари-Луи Пастьор  102","цигари кинг кът блу","20083","78","3.07","0"
"68134","Алкохол и Цигари-Атанас Москов 437","цигари кинг кът блу","20083","78","3.07","0"
"68134","Алкохол и Цигари-Тирана 1","цигари кинг кът блу","20083","78","3.07","0"
"68134","Алкохол и Цигари - Цветан Лазаров","цигари кинг кът блу","20083","78","3.07","0"
"68134","Алкохол и Цигари-Кръстьо Пастухов 69","цигари кинг червен 100мм","20084","78","3.07","0"
"68134","Алкохол и Цигари-Димитър Пешев 501","цигари кинг червен 100мм","20084","78","3.07","0"
"68134","Алкохол и Цигари-Александър Балан 207","цигари кинг червен 100мм","20084","78","3.07","0"
"68134","Алкохол и Цигари-Луи Пастьор  102","цигари кинг червен 100мм","20084","78","3.07","0"
"68134","Алкохол и Цигари-Атанас Москов 437","цигари кинг червен 100мм","20084","78","3.07","0"
"68134","Алкохол и Цигари-Тирана 1","цигари кинг червен 100мм","20084","78","3.07","0"
"68134","Алкохол и Цигари - Цветан Лазаров","цигари кинг червен 100мм","20084","78","3.07","0"
"68134","Алкохол и Цигари-Кръстьо Пастухов 69","цигари кинг червен 80мм","20085","78","3.07","0"
"68134","Алкохол и Цигари-Димитър Пешев 501","цигари кинг червен 80мм","20085","78","3.07","0"
"68134","Алкохол и Цигари-Александър Балан 207","цигари кинг червен 80мм","20085","78","3.07","0"
"68134","Алкохол и Цигари-Луи Пастьор  102","цигари кинг червен 80мм","20085","78","3.07","0"
"68134","Алкохол и Цигари-Атанас Москов 437","цигари кинг червен 80мм","20085","78","3.07","0"
"68134","Алкохол и Цигари-Тирана 1","цигари кинг червен 80мм","20085","78","3.07","0"
"68134","Алкохол и Цигари - Цветан Лазаров","цигари кинг червен 80мм","20085","78","3.07","0"
"68134","Алкохол и Цигари-Кръстьо Пастухов 69","цигари ессе ред","20086","78","3.58","0"
"68134","Алкохол и Цигари-Димитър Пешев 501","цигари ессе ред","20086","78","3.58","0"
"68134","Алкохол и Цигари-Александър Балан 207","цигари ессе ред","20086","78","3.58","0"
"68134","Алкохол и Цигари-Луи Пастьор  102","цигари ессе ред","20086","78","3.58","0"
"68134","Алкохол и Цигари-Атанас Москов 437","цигари ессе ред","20086","78","3.58","0"
"68134","Алкохол и Цигари-Тирана 1","цигари ессе ред","20086","78","3.58","0"
"68134","Алкохол и Цигари - Цветан Лазаров","цигари ессе ред","20086","78","3.58","0"
"68134","Алкохол и Цигари-Кръстьо Пастухов 69","цигари ессе блу","20087","78","3.58","0"
"68134","Алкохол и Цигари-Димитър Пешев 501","цигари ессе блу","20087","78","3.58","0"
"68134","Алкохол и Цигари-Александър Балан 207","цигари ессе блу","20087","78","3.58","0"
"68134","Алкохол и Цигари-Луи Пастьор  102","цигари ессе блу","20087","78","3.58","0"
"68134","Алкохол и Цигари-Атанас Москов 437","цигари ессе блу","20087","78","3.58","0"
"68134","Алкохол и Цигари-Тирана 1","цигари ессе блу","20087","78","3.58","0"
"68134","Алкохол и Цигари - Цветан Лазаров","цигари ессе блу","20087","78","3.58","0"
